===============================================================================,,,,,,,,,,,,,,,,,,,,,,,,
Id,,len,datetime,open,high,low,close,volume,openinterest,TestStrategy,len,datetime,Broker,len,cash,value,BuySell,len,buy,sell,Trades - Net Profit/Loss,len,pnlplus,pnlminus
1,,1,2022/3/10 0:00,160,169.5,158.8,158.9,315020,,TestStrategy,1,738224,Broker,1,100000,100000,BuySell,1,,,Trades - Net Profit/Loss,1,,
2,,2,2022/3/11 0:00,142,146.5,139.5,146.4,320570,,TestStrategy,2,738225,Broker,2,100000,100000,BuySell,2,,,Trades - Net Profit/Loss,2,,
3,,3,2022/3/14 0:00,131.9,131.9,123.4,125.7,307320,,TestStrategy,3,738228,Broker,3,100000,100000,BuySell,3,,,Trades - Net Profit/Loss,3,,
4,,4,2022/3/15 0:00,115.5,117.4,108,109.6,470138,,TestStrategy,4,738229,Broker,4,100000,100000,BuySell,4,,,Trades - Net Profit/Loss,4,,
5,,5,2022/3/16 0:00,124.9,146,117.8,141.5,637606,,TestStrategy,5,738230,Broker,5,100000,100000,BuySell,5,,,Trades - Net Profit/Loss,5,,
6,,6,2022/3/17 0:00,156.8,156.8,145,145,393540,,TestStrategy,6,738231,Broker,6,100000,100000,BuySell,6,,,Trades - Net Profit/Loss,6,,
7,,7,2022/3/18 0:00,155,155,146.6,150,281470,,TestStrategy,7,738232,Broker,7,100000,100000,BuySell,7,,,Trades - Net Profit/Loss,7,,
8,,8,2022/3/21 0:00,160,170,158,160,219074,,TestStrategy,8,738235,Broker,8,100000,100000,BuySell,8,,,Trades - Net Profit/Loss,8,,
9,,9,2022/3/22 0:00,162.5,164.5,155,164.2,149270,,TestStrategy,9,738236,Broker,9,100000,100000,BuySell,9,,,Trades - Net Profit/Loss,9,,
10,,10,2022/3/23 0:00,170,180,168.5,173,407544,,TestStrategy,10,738237,Broker,10,100000,100000,BuySell,10,,,Trades - Net Profit/Loss,10,,
11,,11,2022/3/24 0:00,174,175,170.2,174.4,268150,,TestStrategy,11,738238,Broker,11,100000,100000,BuySell,11,,,Trades - Net Profit/Loss,11,,
12,,12,2022/3/25 0:00,169,172,161.4,162,115970,,TestStrategy,12,738239,Broker,12,100000,100000,BuySell,12,,,Trades - Net Profit/Loss,12,,
13,,13,2022/3/28 0:00,161.3,161.3,150,155.8,161315,,TestStrategy,13,738242,Broker,13,100000,100000,BuySell,13,,,Trades - Net Profit/Loss,13,,
14,,14,2022/3/29 0:00,163.1,169.5,163,167,95910,,TestStrategy,14,738243,Broker,14,100000,100000,BuySell,14,,,Trades - Net Profit/Loss,14,,
15,,15,2022/3/30 0:00,172.5,179.2,171,175.8,94796,,TestStrategy,15,738244,Broker,15,100000,100000,BuySell,15,,,Trades - Net Profit/Loss,15,,
16,,16,2022/3/31 0:00,179.3,179.3,172,175.2,92844,,TestStrategy,16,738245,Broker,16,100000,100000,BuySell,16,,,Trades - Net Profit/Loss,16,,
17,,17,2022/4/1 0:00,166.3,174,164.4,169.9,231700,,TestStrategy,17,738246,Broker,17,100000,100000,BuySell,17,,,Trades - Net Profit/Loss,17,,
18,,18,2022/4/4 0:00,175,196,174,183,225584,,TestStrategy,18,738249,Broker,18,100000,100000,BuySell,18,,,Trades - Net Profit/Loss,18,,
19,,19,2022/4/6 0:00,183,183,175,177.2,163640,,TestStrategy,19,738251,Broker,19,100000,100000,BuySell,19,,,Trades - Net Profit/Loss,19,,
20,,20,2022/4/7 0:00,175,175,169,170,238580,,TestStrategy,20,738252,Broker,20,100000,100000,BuySell,20,,,Trades - Net Profit/Loss,20,,
21,,21,2022/4/8 0:00,164,165.2,158.1,163.5,436364,,TestStrategy,21,738253,Broker,21,100000,100000,BuySell,21,,,Trades - Net Profit/Loss,21,,
22,,22,2022/4/11 0:00,162,162,140,144.8,249520,,TestStrategy,22,738256,Broker,22,100000,100000,BuySell,22,,,Trades - Net Profit/Loss,22,,
23,,23,2022/4/12 0:00,153,160,152,157,416510,,TestStrategy,23,738257,Broker,23,100000,100000,BuySell,23,,,Trades - Net Profit/Loss,23,,
24,,24,2022/4/13 0:00,159,159,151,154.2,74550,,TestStrategy,24,738258,Broker,24,100000,100000,BuySell,24,,,Trades - Net Profit/Loss,24,,
25,,25,2022/4/14 0:00,160,164.1,159.8,160.9,144636,,TestStrategy,25,738259,Broker,25,100000,100000,BuySell,25,,,Trades - Net Profit/Loss,25,,
26,,26,2022/4/19 0:00,152,158.7,151.1,155.6,370170,,TestStrategy,26,738264,Broker,26,100000,100000,BuySell,26,,,Trades - Net Profit/Loss,26,,
27,,27,2022/4/20 0:00,158.6,160,150.1,152.6,236101,,TestStrategy,27,738265,Broker,27,100000,100000,BuySell,27,,,Trades - Net Profit/Loss,27,,
28,,28,2022/4/21 0:00,148,148,141.5,147.4,188223,,TestStrategy,28,738266,Broker,28,100000,100000,BuySell,28,,,Trades - Net Profit/Loss,28,,
29,,29,2022/4/22 0:00,137,140.6,133.8,139,308860,,TestStrategy,29,738267,Broker,29,100000,100000,BuySell,29,,,Trades - Net Profit/Loss,29,,
30,,30,2022/4/25 0:00,136,136,129,130.9,228727,,TestStrategy,30,738270,Broker,30,100000,100000,BuySell,30,,,Trades - Net Profit/Loss,30,,
31,,31,2022/4/26 0:00,135.4,138.5,133.8,135.8,94030,,TestStrategy,31,738271,Broker,31,100000,100000,BuySell,31,,,Trades - Net Profit/Loss,31,,
32,,32,2022/4/27 0:00,131,134.8,128.6,132.2,141140,,TestStrategy,32,738272,Broker,32,100000,100000,BuySell,32,,,Trades - Net Profit/Loss,32,,
33,,33,2022/4/28 0:00,135,137,131.2,135,102380,,TestStrategy,33,738273,Broker,33,100000,100000,BuySell,33,,,Trades - Net Profit/Loss,33,,
34,,34,2022/4/29 0:00,134.4,147.9,131,144,290900,,TestStrategy,34,738274,Broker,34,100000,100000,BuySell,34,,,Trades - Net Profit/Loss,34,,
35,,35,2022/5/3 0:00,144,144,135.4,137.5,91770,,TestStrategy,35,738278,Broker,35,100000,100000,BuySell,35,,,Trades - Net Profit/Loss,35,,
36,,36,2022/5/4 0:00,137.5,139.6,135.1,137.3,82120,,TestStrategy,36,738279,Broker,36,100000,100000,BuySell,36,,,Trades - Net Profit/Loss,36,,
37,,37,2022/5/5 0:00,141.1,142.1,137.8,137.8,62860,,TestStrategy,37,738280,Broker,37,100000,100000,BuySell,37,,,Trades - Net Profit/Loss,37,,
38,,38,2022/5/6 0:00,121,124.1,117.4,122,313310,,TestStrategy,38,738281,Broker,38,100000,100000,BuySell,38,,,Trades - Net Profit/Loss,38,,
39,,39,2022/5/10 0:00,109,114.4,104.5,109.6,348530,,TestStrategy,39,738285,Broker,39,100000,100000,BuySell,39,,,Trades - Net Profit/Loss,39,,
40,,40,2022/5/11 0:00,109,121.3,106,112,370760,,TestStrategy,40,738286,Broker,40,100000,100000,BuySell,40,,,Trades - Net Profit/Loss,40,,
41,,41,2022/5/12 0:00,102,105.4,100.8,100.9,457764,,TestStrategy,41,738287,Broker,41,100000,100000,BuySell,41,,,Trades - Net Profit/Loss,41,,
42,,42,2022/5/13 0:00,104.6,108.5,102.1,106.6,294930,,TestStrategy,42,738288,Broker,42,100000,100000,BuySell,42,,,Trades - Net Profit/Loss,42,,
43,,43,2022/5/16 0:00,109.6,113.9,108.8,109.8,226497,,TestStrategy,43,738291,Broker,43,100000,100000,BuySell,43,,,Trades - Net Profit/Loss,43,,
44,,44,2022/5/17 0:00,114.1,121.9,113.6,121.5,500810,,TestStrategy,44,738292,Broker,44,100000,100000,BuySell,44,,,Trades - Net Profit/Loss,44,,
45,,45,2022/5/18 0:00,130,133,128.4,130.4,527530,,TestStrategy,45,738293,Broker,45,100000,100000,BuySell,45,,,Trades - Net Profit/Loss,45,,
46,,46,2022/5/19 0:00,123.2,126.7,122,123.6,266220,,TestStrategy,46,738294,Broker,46,100000,100000,BuySell,46,,,Trades - Net Profit/Loss,46,,
47,,47,2022/5/20 0:00,127.7,135.4,127.7,135.4,553183,,TestStrategy,47,738295,Broker,47,100000,100000,BuySell,47,,,Trades - Net Profit/Loss,47,,
48,,48,2022/5/23 0:00,134,135.8,132,132.4,653491,,TestStrategy,48,738298,Broker,48,100000,100000,BuySell,48,,,Trades - Net Profit/Loss,48,,
49,,49,2022/5/24 0:00,126.9,126.9,121.7,121.7,705900,,TestStrategy,49,738299,Broker,49,100000,100000,BuySell,49,,,Trades - Net Profit/Loss,49,,
50,,50,2022/5/25 0:00,117,121.6,115,118.5,538260,,TestStrategy,50,738300,Broker,50,100000,100000,BuySell,50,,,Trades - Net Profit/Loss,50,,
51,,51,2022/5/26 0:00,117.6,117.6,114,115.9,657936,,TestStrategy,51,738301,Broker,51,100000,100000,BuySell,51,,,Trades - Net Profit/Loss,51,,
52,,52,2022/5/27 0:00,123.9,127,123.8,125.7,516810,,TestStrategy,52,738302,Broker,52,100000,100000,BuySell,52,,,Trades - Net Profit/Loss,52,,
53,,53,2022/5/30 0:00,130.2,134.7,130.2,132.5,412506,,TestStrategy,53,738305,Broker,53,100000,100000,BuySell,53,,,Trades - Net Profit/Loss,53,,
54,,54,2022/5/31 0:00,135,140.4,132,136,551063,,TestStrategy,54,738306,Broker,54,100000,100000,BuySell,54,,,Trades - Net Profit/Loss,54,,
55,,55,2022/6/1 0:00,140,141,136.8,139.2,545780,,TestStrategy,55,738307,Broker,55,100000,100000,BuySell,55,,,Trades - Net Profit/Loss,55,,
56,,56,2022/6/2 0:00,140,144.5,137.2,141.2,597383,,TestStrategy,56,738308,Broker,56,100000,100000,BuySell,56,,,Trades - Net Profit/Loss,56,,
57,,57,2022/6/6 0:00,142.4,151,142.4,149.5,691640,,TestStrategy,57,738312,Broker,57,100000,100000,BuySell,57,,,Trades - Net Profit/Loss,57,,
58,,58,2022/6/7 0:00,154.1,158.8,152,153.8,688700,,TestStrategy,58,738313,Broker,58,100000,100000,BuySell,58,,,Trades - Net Profit/Loss,58,,
59,,59,2022/6/8 0:00,155,166.5,155,161.6,1191970,,TestStrategy,59,738314,Broker,59,100000,100000,BuySell,59,,,Trades - Net Profit/Loss,59,,
60,,60,2022/6/9 0:00,165.8,165.8,153.5,159.7,866749,,TestStrategy,60,738315,Broker,60,99834.0342,99993.7342,BuySell,60,151.1975,,Trades - Net Profit/Loss,60,,
61,,61,2022/6/10 0:00,150,162.7,146.9,154.7,3253328,,TestStrategy,61,738316,Broker,61,99834.0342,99988.7342,BuySell,61,,,Trades - Net Profit/Loss,61,,
62,,62,2022/6/13 0:00,143.2,148,139.9,139.9,1645710,,TestStrategy,62,738319,Broker,62,99834.0342,99973.9342,BuySell,62,,,Trades - Net Profit/Loss,62,,
63,,63,2022/6/14 0:00,128.4,136.9,127.1,132.6,1270183,,TestStrategy,63,738320,Broker,63,99834.0342,99966.6342,BuySell,63,,,Trades - Net Profit/Loss,63,,
64,,64,2022/6/15 0:00,148,154.1,147.3,149.1,1196560,,TestStrategy,64,738321,Broker,64,99834.0342,99983.1342,BuySell,64,,,Trades - Net Profit/Loss,64,,
65,,65,2022/6/16 0:00,159.4,161.4,154.8,155.3,1999499,,TestStrategy,65,738322,Broker,65,99834.0342,99989.3342,BuySell,65,,,Trades - Net Profit/Loss,65,,
66,,66,2022/6/17 0:00,149.8,161.1,148.3,159.4,2349729,,TestStrategy,66,738323,Broker,66,99834.0342,99993.4342,BuySell,66,,,Trades - Net Profit/Loss,66,,
67,,67,2022/6/20 0:00,163,180.2,161.7,176,1248320,,TestStrategy,67,738326,Broker,67,99834.0342,100010.0342,BuySell,67,,,Trades - Net Profit/Loss,67,,
68,,68,2022/6/21 0:00,176.5,178,172,175.1,1277280,,TestStrategy,68,738327,Broker,68,99834.0342,100009.1342,BuySell,68,,,Trades - Net Profit/Loss,68,,
69,,69,2022/6/22 0:00,181.4,184.5,175.1,175.5,1300670,,TestStrategy,69,738328,Broker,69,99834.0342,100009.5342,BuySell,69,,,Trades - Net Profit/Loss,69,,
70,,70,2022/6/23 0:00,179.9,190.6,178.9,184.2,1403107,,TestStrategy,70,738329,Broker,70,99834.0342,100018.2342,BuySell,70,,,Trades - Net Profit/Loss,70,,
71,,71,2022/6/24 0:00,180,190.2,178.3,188.5,1857430,,TestStrategy,71,738330,Broker,71,99834.0342,100022.5342,BuySell,71,,,Trades - Net Profit/Loss,71,,
72,,72,2022/6/27 0:00,193.8,199.2,190.8,193.5,1510551,,TestStrategy,72,738333,Broker,72,99834.0342,100027.5342,BuySell,72,,,Trades - Net Profit/Loss,72,,
73,,73,2022/6/28 0:00,181.4,189.2,175.6,186.7,2090540,,TestStrategy,73,738334,Broker,73,99834.0342,100020.7342,BuySell,73,,,Trades - Net Profit/Loss,73,,
74,,74,2022/6/29 0:00,174.8,177.9,162,165.5,2521450,,TestStrategy,74,738335,Broker,74,99834.0342,99999.5342,BuySell,74,,,Trades - Net Profit/Loss,74,,
75,,75,2022/6/30 0:00,169.6,176.8,168,172,1304330,,TestStrategy,75,738336,Broker,75,99834.0342,100006.0342,BuySell,75,,,Trades - Net Profit/Loss,75,,
76,,76,2022/7/4 0:00,172,173.2,164.4,168.8,783042,,TestStrategy,76,738340,Broker,76,99834.0342,100002.8342,BuySell,76,,,Trades - Net Profit/Loss,76,,
77,,77,2022/7/5 0:00,171,174.5,167,170.2,617949,,TestStrategy,77,738341,Broker,77,99834.0342,100004.2342,BuySell,77,,,Trades - Net Profit/Loss,77,,
78,,78,2022/7/6 0:00,171.1,176.5,167,172.9,736190,,TestStrategy,78,738342,Broker,78,99834.0342,100006.9342,BuySell,78,,,Trades - Net Profit/Loss,78,,
79,,79,2022/7/7 0:00,163.9,167.8,160.8,166.8,869420,,TestStrategy,79,738343,Broker,79,99834.0342,100000.8342,BuySell,79,,,Trades - Net Profit/Loss,79,,
80,,80,2022/7/8 0:00,177,179.2,175.3,176.1,1374670,,TestStrategy,80,738344,Broker,80,99834.0342,100010.1342,BuySell,80,,,Trades - Net Profit/Loss,80,,
81,,81,2022/7/11 0:00,176.1,176.1,166.3,168.7,721930,,TestStrategy,81,738347,Broker,81,99834.0342,100002.7342,BuySell,81,,,Trades - Net Profit/Loss,81,,
82,,82,2022/7/12 0:00,161.3,163.6,157.3,158.4,626251,,TestStrategy,82,738348,Broker,82,99834.0342,99992.4342,BuySell,82,,,Trades - Net Profit/Loss,82,,
83,,83,2022/7/13 0:00,163.9,166.5,161,161.5,277410,,TestStrategy,83,738349,Broker,83,99997.7703,99997.7703,BuySell,83,,168.9975,Trades - Net Profit/Loss,83,,-2.2297
84,,84,2022/7/14 0:00,161.6,169.1,161.6,165.5,396750,,TestStrategy,84,738350,Broker,84,99997.7703,99997.7703,BuySell,84,,,Trades - Net Profit/Loss,84,,
85,,85,2022/7/15 0:00,165.5,170.2,163.3,163.9,257350,,TestStrategy,85,738351,Broker,85,99832.1048,99996.0048,BuySell,85,160.8505,,Trades - Net Profit/Loss,85,,
86,,86,2022/7/18 0:00,163.8,168,160.4,163.9,787943,,TestStrategy,86,738354,Broker,86,99995.741,99995.741,BuySell,86,,170.52,Trades - Net Profit/Loss,86,,-2.0293
87,,87,2022/7/19 0:00,166.9,166.9,158.8,160.5,569448,,TestStrategy,87,738355,Broker,87,99995.741,99995.741,BuySell,87,,,Trades - Net Profit/Loss,87,,
88,,88,2022/7/20 0:00,160.5,161.5,156.8,157,332000,,TestStrategy,88,738356,Broker,88,99995.741,99995.741,BuySell,88,,,Trades - Net Profit/Loss,88,,
89,,89,2022/7/21 0:00,157,161,153.9,155.1,895750,,TestStrategy,89,738357,Broker,89,99995.741,99995.741,BuySell,89,,,Trades - Net Profit/Loss,89,,
90,,90,2022/7/22 0:00,160.1,162.7,159,160.4,556578,,TestStrategy,90,738358,Broker,90,99995.741,99995.741,BuySell,90,,,Trades - Net Profit/Loss,90,,
91,,91,2022/7/25 0:00,152,152.5,148,150.1,787861,,TestStrategy,91,738361,Broker,91,99995.741,99995.741,BuySell,91,,,Trades - Net Profit/Loss,91,,
92,,92,2022/7/26 0:00,151,156.9,150.1,155,458300,,TestStrategy,92,738362,Broker,92,99995.741,99995.741,BuySell,92,,,Trades - Net Profit/Loss,92,,
93,,93,2022/7/27 0:00,152,152,148.8,150.2,399930,,TestStrategy,93,738363,Broker,93,99995.741,99995.741,BuySell,93,,,Trades - Net Profit/Loss,93,,
94,,94,2022/7/28 0:00,151.9,153,150,151.5,560253,,TestStrategy,94,738364,Broker,94,99995.741,99995.741,BuySell,94,,,Trades - Net Profit/Loss,94,,
95,,95,2022/7/29 0:00,151.5,156,146.2,149.7,669606,,TestStrategy,95,738365,Broker,95,99995.741,99995.741,BuySell,95,,,Trades - Net Profit/Loss,95,,
96,,96,2022/8/1 0:00,150,166.8,150,162.1,1419840,,TestStrategy,96,738368,Broker,96,99995.741,99995.741,BuySell,96,,,Trades - Net Profit/Loss,96,,
97,,97,2022/8/2 0:00,161.9,161.9,156.5,156.8,759951,,TestStrategy,97,738369,Broker,97,99995.741,99995.741,BuySell,97,,,Trades - Net Profit/Loss,97,,
98,,98,2022/8/3 0:00,156.8,163.9,156.8,157.7,395056,,TestStrategy,98,738370,Broker,98,99995.741,99995.741,BuySell,98,,,Trades - Net Profit/Loss,98,,
99,,99,2022/8/4 0:00,160,162.5,157.7,161,366960,,TestStrategy,99,738371,Broker,99,99995.741,99995.741,BuySell,99,,,Trades - Net Profit/Loss,99,,
100,,100,2022/8/5 0:00,166,166.5,162.4,164.4,340446,,TestStrategy,100,738372,Broker,100,99995.741,99995.741,BuySell,100,,,Trades - Net Profit/Loss,100,,
101,,101,2022/8/8 0:00,158.2,158.7,155.9,157.5,301140,,TestStrategy,101,738375,Broker,101,99995.741,99995.741,BuySell,101,,,Trades - Net Profit/Loss,101,,
102,,102,2022/8/9 0:00,158,161.8,157,158,224863,,TestStrategy,102,738376,Broker,102,99995.741,99995.741,BuySell,102,,,Trades - Net Profit/Loss,102,,
103,,103,2022/8/10 0:00,152,152.2,145.1,146.5,1005904,,TestStrategy,103,738377,Broker,103,99995.741,99995.741,BuySell,103,,,Trades - Net Profit/Loss,103,,
104,,104,2022/8/11 0:00,154.7,157.9,154.2,157.9,665950,,TestStrategy,104,738378,Broker,104,99995.741,99995.741,BuySell,104,,,Trades - Net Profit/Loss,104,,
105,,105,2022/8/12 0:00,165,165,159.2,164.6,532573,,TestStrategy,105,738379,Broker,105,99995.741,99995.741,BuySell,105,,,Trades - Net Profit/Loss,105,,
106,,106,2022/8/15 0:00,164.6,167.2,162.6,163.2,384220,,TestStrategy,106,738382,Broker,106,99830.9764,99994.1764,BuySell,106,160.161,,Trades - Net Profit/Loss,106,,
107,,107,2022/8/16 0:00,165.4,168.5,162.3,164.8,424721,,TestStrategy,107,738383,Broker,107,99830.9764,99995.7764,BuySell,107,,,Trades - Net Profit/Loss,107,,
108,,108,2022/8/17 0:00,164.2,165.6,160.5,163.7,431122,,TestStrategy,108,738384,Broker,108,99830.9764,99994.6764,BuySell,108,,,Trades - Net Profit/Loss,108,,
109,,109,2022/8/18 0:00,160,160,154.2,156.2,504280,,TestStrategy,109,738385,Broker,109,99830.9764,99987.1764,BuySell,109,,,Trades - Net Profit/Loss,109,,
110,,110,2022/8/19 0:00,156.1,158,153.1,155.4,489136,,TestStrategy,110,738386,Broker,110,99986.9203,99986.9203,BuySell,110,,160.37,Trades - Net Profit/Loss,110,,-8.8207
111,,111,2022/8/22 0:00,150.7,153.3,148.8,148.9,606279,,TestStrategy,111,738389,Broker,111,99986.9203,99986.9203,BuySell,111,,,Trades - Net Profit/Loss,111,,
112,,112,2022/8/23 0:00,150.9,151.3,147.5,148.5,427447,,TestStrategy,112,738390,Broker,112,99986.9203,99986.9203,BuySell,112,,,Trades - Net Profit/Loss,112,,
113,,113,2022/8/24 0:00,147.5,147.5,139.4,141,827747,,TestStrategy,113,738391,Broker,113,99986.9203,99986.9203,BuySell,113,,,Trades - Net Profit/Loss,113,,
114,,114,2022/8/25 0:00,145,151,145,151,499444,,TestStrategy,114,738392,Broker,114,99986.9203,99986.9203,BuySell,114,,,Trades - Net Profit/Loss,114,,
115,,115,2022/8/26 0:00,157.6,157.6,152.6,153.1,466734,,TestStrategy,115,738393,Broker,115,99986.9203,99986.9203,BuySell,115,,,Trades - Net Profit/Loss,115,,
116,,116,2022/8/29 0:00,151.5,157,150.6,153.6,396300,,TestStrategy,116,738396,Broker,116,99986.9203,99986.9203,BuySell,116,,,Trades - Net Profit/Loss,116,,
117,,117,2022/8/30 0:00,155.7,157,150.9,155.4,370474,,TestStrategy,117,738397,Broker,117,99986.9203,99986.9203,BuySell,117,,,Trades - Net Profit/Loss,117,,
118,,118,2022/8/31 0:00,153.4,163,153.3,158.8,628605,,TestStrategy,118,738398,Broker,118,99986.9203,99986.9203,BuySell,118,,,Trades - Net Profit/Loss,118,,
119,,119,2022/9/1 0:00,156,156.8,149.3,150.4,725561,,TestStrategy,119,738399,Broker,119,99830.7643,99981.1643,BuySell,119,147.0605,,Trades - Net Profit/Loss,119,,
120,,120,2022/9/2 0:00,148.7,150.4,140.5,145.5,1934961,,TestStrategy,120,738400,Broker,120,99979.3156,99979.3156,BuySell,120,,152.656,Trades - Net Profit/Loss,120,,-7.6047
121,,121,2022/9/5 0:00,140.7,140.7,135.5,135.5,1063950,,TestStrategy,121,738403,Broker,121,99979.3156,99979.3156,BuySell,121,,,Trades - Net Profit/Loss,121,,
122,,122,2022/9/6 0:00,136,142.5,136,139.5,522390,,TestStrategy,122,738404,Broker,122,99979.3156,99979.3156,BuySell,122,,,Trades - Net Profit/Loss,122,,
123,,123,2022/9/7 0:00,136,140.8,134,137.4,508840,,TestStrategy,123,738405,Broker,123,99979.3156,99979.3156,BuySell,123,,,Trades - Net Profit/Loss,123,,
124,,124,2022/9/8 0:00,138.6,143.6,136.2,136.2,680490,,TestStrategy,124,738406,Broker,124,99979.3156,99979.3156,BuySell,124,,,Trades - Net Profit/Loss,124,,
125,,125,2022/9/9 0:00,138.8,145,137.2,144,883218,,TestStrategy,125,738407,Broker,125,99979.3156,99979.3156,BuySell,125,,,Trades - Net Profit/Loss,125,,
126,,126,2022/9/13 0:00,165.6,174,165.6,168.2,1537132,,TestStrategy,126,738411,Broker,126,99979.3156,99979.3156,BuySell,126,,,Trades - Net Profit/Loss,126,,
127,,127,2022/9/14 0:00,170,175,169.3,172.8,1276045,,TestStrategy,127,738412,Broker,127,99809.1456,99981.9456,BuySell,127,166.7605,,Trades - Net Profit/Loss,127,,
128,,128,2022/9/15 0:00,172.8,173.4,169.2,169.8,638383,,TestStrategy,128,738413,Broker,128,99809.1456,99978.9456,BuySell,128,,,Trades - Net Profit/Loss,128,,
129,,129,2022/9/16 0:00,168,170.3,165.4,166,463590,,TestStrategy,129,738414,Broker,129,99809.1456,99975.1456,BuySell,129,,,Trades - Net Profit/Loss,129,,
130,,130,2022/9/19 0:00,157.4,157.4,153.1,155.4,607990,,TestStrategy,130,738417,Broker,130,99809.1456,99964.5456,BuySell,130,,,Trades - Net Profit/Loss,130,,
131,,131,2022/9/20 0:00,162.9,165.8,162.4,162.5,455123,,TestStrategy,131,738418,Broker,131,99809.1456,99971.6456,BuySell,131,,,Trades - Net Profit/Loss,131,,
132,,132,2022/9/21 0:00,161.4,161.4,157.1,158,263257,,TestStrategy,132,738419,Broker,132,99809.1456,99967.1456,BuySell,132,,,Trades - Net Profit/Loss,132,,
133,,133,2022/9/22 0:00,144.7,146.3,142.5,146.1,808665,,TestStrategy,133,738420,Broker,133,99809.1456,99955.2456,BuySell,133,,,Trades - Net Profit/Loss,133,,
134,,134,2022/9/23 0:00,145.4,145.6,140.1,140.5,730259,,TestStrategy,134,738421,Broker,134,99954.4002,99954.4002,BuySell,134,,147.784,Trades - Net Profit/Loss,134,,-24.9154
135,,135,2022/9/26 0:00,139.9,142.9,138,139.8,435645,,TestStrategy,135,738424,Broker,135,99954.4002,99954.4002,BuySell,135,,,Trades - Net Profit/Loss,135,,
136,,136,2022/9/27 0:00,138.1,141.2,135.8,141,449817,,TestStrategy,136,738425,Broker,136,99954.4002,99954.4002,BuySell,136,,,Trades - Net Profit/Loss,136,,
137,,137,2022/9/28 0:00,136,136,127.5,130.6,861246,,TestStrategy,137,738426,Broker,137,99954.4002,99954.4002,BuySell,137,,,Trades - Net Profit/Loss,137,,
138,,138,2022/9/29 0:00,137.3,137.9,128.2,130.9,510740,,TestStrategy,138,738427,Broker,138,99954.4002,99954.4002,BuySell,138,,,Trades - Net Profit/Loss,138,,
139,,139,2022/9/30 0:00,122.4,122.4,116.7,121.4,978369,,TestStrategy,139,738428,Broker,139,99954.4002,99954.4002,BuySell,139,,,Trades - Net Profit/Loss,139,,
140,,140,2022/10/3 0:00,122.9,127.3,121,124.1,427070,,TestStrategy,140,738431,Broker,140,99954.4002,99954.4002,BuySell,140,,,Trades - Net Profit/Loss,140,,
141,,141,2022/10/5 0:00,133,135.5,130.4,134,980021,,TestStrategy,141,738433,Broker,141,99954.4002,99954.4002,BuySell,141,,,Trades - Net Profit/Loss,141,,
142,,142,2022/10/6 0:00,127.4,128,123.8,125.1,702101,,TestStrategy,142,738434,Broker,142,99954.4002,99954.4002,BuySell,142,,,Trades - Net Profit/Loss,142,,
143,,143,2022/10/7 0:00,117.5,117.7,111.7,112,1540868,,TestStrategy,143,738435,Broker,143,99954.4002,99954.4002,BuySell,143,,,Trades - Net Profit/Loss,143,,
144,,144,2022/10/10 0:00,110,112.8,107.9,109.1,1063773,,TestStrategy,144,738438,Broker,144,99954.4002,99954.4002,BuySell,144,,,Trades - Net Profit/Loss,144,,
145,,145,2022/10/11 0:00,105.8,107.8,102,103.5,782163,,TestStrategy,145,738439,Broker,145,99954.4002,99954.4002,BuySell,145,,,Trades - Net Profit/Loss,145,,
146,,146,2022/10/12 0:00,100,108.3,98.25,103,1046032,,TestStrategy,146,738440,Broker,146,99954.4002,99954.4002,BuySell,146,,,Trades - Net Profit/Loss,146,,
147,,147,2022/10/13 0:00,103.8,103.8,99.2,99.7,513311,,TestStrategy,147,738441,Broker,147,99954.4002,99954.4002,BuySell,147,,,Trades - Net Profit/Loss,147,,
148,,148,2022/10/14 0:00,100.5,104.7,99.15,99.85,572357,,TestStrategy,148,738442,Broker,148,99954.4002,99954.4002,BuySell,148,,,Trades - Net Profit/Loss,148,,
149,,149,2022/10/17 0:00,93.75,99.95,90.45,94.75,1301200,,TestStrategy,149,738445,Broker,149,99954.4002,99954.4002,BuySell,149,,,Trades - Net Profit/Loss,149,,
150,,150,2022/10/18 0:00,98.4,99.2,93.6,99.2,888507,,TestStrategy,150,738446,Broker,150,99954.4002,99954.4002,BuySell,150,,,Trades - Net Profit/Loss,150,,
151,,151,2022/10/19 0:00,97.75,97.75,92.6,92.65,1061880,,TestStrategy,151,738447,Broker,151,99954.4002,99954.4002,BuySell,151,,,Trades - Net Profit/Loss,151,,
152,,152,2022/10/20 0:00,85.7,90.6,83.25,87.35,2558507,,TestStrategy,152,738448,Broker,152,99954.4002,99954.4002,BuySell,152,,,Trades - Net Profit/Loss,152,,
153,,153,2022/10/21 0:00,87.35,87.35,83.95,84.4,920764,,TestStrategy,153,738449,Broker,153,99954.4002,99954.4002,BuySell,153,,,Trades - Net Profit/Loss,153,,
154,,154,2022/10/24 0:00,84.4,84.4,74,76.7,2307280,,TestStrategy,154,738452,Broker,154,99954.4002,99954.4002,BuySell,154,,,Trades - Net Profit/Loss,154,,
155,,155,2022/10/25 0:00,74.6,79.45,72.15,75.65,1511926,,TestStrategy,155,738453,Broker,155,99954.4002,99954.4002,BuySell,155,,,Trades - Net Profit/Loss,155,,
156,,156,2022/10/26 0:00,81.1,89.25,81,83.6,1932571,,TestStrategy,156,738454,Broker,156,99954.4002,99954.4002,BuySell,156,,,Trades - Net Profit/Loss,156,,
157,,157,2022/10/27 0:00,85,87,80.2,81.15,1294480,,TestStrategy,157,738455,Broker,157,99954.4002,99954.4002,BuySell,157,,,Trades - Net Profit/Loss,157,,
158,,158,2022/10/28 0:00,79.25,79.25,71.95,73.55,1608440,,TestStrategy,158,738456,Broker,158,99954.4002,99954.4002,BuySell,158,,,Trades - Net Profit/Loss,158,,
159,,159,2022/10/31 0:00,73.65,78.3,72,74.8,1108896,,TestStrategy,159,738459,Broker,159,99954.4002,99954.4002,BuySell,159,,,Trades - Net Profit/Loss,159,,
160,,160,2022/11/1 0:00,76.85,81.8,74.25,81.65,1520480,,TestStrategy,160,738460,Broker,160,99954.4002,99954.4002,BuySell,160,,,Trades - Net Profit/Loss,160,,
161,,161,2022/11/2 0:00,77.1,82.7,75.5,80.6,1666950,,TestStrategy,161,738461,Broker,161,99954.4002,99954.4002,BuySell,161,,,Trades - Net Profit/Loss,161,,
162,,162,2022/11/3 0:00,75,76.15,73.05,73.4,1393448,,TestStrategy,162,738462,Broker,162,99954.4002,99954.4002,BuySell,162,,,Trades - Net Profit/Loss,162,,
163,,163,2022/11/4 0:00,76.5,90,76.5,88.1,2704571,,TestStrategy,163,738463,Broker,163,99954.4002,99954.4002,BuySell,163,,,Trades - Net Profit/Loss,163,,
164,,164,2022/11/7 0:00,88.1,97.5,85.8,93.65,1734934,,TestStrategy,164,738466,Broker,164,99954.4002,99954.4002,BuySell,164,,,Trades - Net Profit/Loss,164,,
165,,165,2022/11/8 0:00,88.3,88.45,83.05,85.25,2137642,,TestStrategy,165,738467,Broker,165,99954.4002,99954.4002,BuySell,165,,,Trades - Net Profit/Loss,165,,
166,,166,2022/11/9 0:00,84.15,84.3,80,81.05,1370446,,TestStrategy,166,738468,Broker,166,99954.4002,99954.4002,BuySell,166,,,Trades - Net Profit/Loss,166,,
167,,167,2022/11/10 0:00,72.9,73.8,69.55,70.35,3482670,,TestStrategy,167,738469,Broker,167,99954.4002,99954.4002,BuySell,167,,,Trades - Net Profit/Loss,167,,
168,,168,2022/11/11 0:00,80.9,85,78.05,84.7,3180952,,TestStrategy,168,738470,Broker,168,99954.4002,99954.4002,BuySell,168,,,Trades - Net Profit/Loss,168,,
169,,169,2022/11/14 0:00,91.5,93.35,88.8,92.3,2292740,,TestStrategy,169,738473,Broker,169,99954.4002,99954.4002,BuySell,169,,,Trades - Net Profit/Loss,169,,
170,,170,2022/11/15 0:00,91.05,96.95,86.55,94.45,1579294,,TestStrategy,170,738474,Broker,170,99954.4002,99954.4002,BuySell,170,,,Trades - Net Profit/Loss,170,,
171,,171,2022/11/16 0:00,92.9,92.9,87,88.85,1002582,,TestStrategy,171,738475,Broker,171,99954.4002,99954.4002,BuySell,171,,,Trades - Net Profit/Loss,171,,
172,,172,2022/11/17 0:00,84,86.5,80.6,83.65,1492055,,TestStrategy,172,738476,Broker,172,99954.4002,99954.4002,BuySell,172,,,Trades - Net Profit/Loss,172,,
173,,173,2022/11/18 0:00,85.55,85.95,81.7,82.15,1518555,,TestStrategy,173,738477,Broker,173,99954.4002,99954.4002,BuySell,173,,,Trades - Net Profit/Loss,173,,
174,,174,2022/11/21 0:00,80.2,82.4,78.75,79.6,939587,,TestStrategy,174,738480,Broker,174,99954.4002,99954.4002,BuySell,174,,,Trades - Net Profit/Loss,174,,
175,,175,2022/11/22 0:00,79.6,79.6,75.05,76.3,967120,,TestStrategy,175,738481,Broker,175,99954.4002,99954.4002,BuySell,175,,,Trades - Net Profit/Loss,175,,
176,,176,2022/11/23 0:00,78,79.8,76.8,79.8,788544,,TestStrategy,176,738482,Broker,176,99954.4002,99954.4002,BuySell,176,,,Trades - Net Profit/Loss,176,,
177,,177,2022/11/24 0:00,82,83.75,80.85,82.7,506143,,TestStrategy,177,738483,Broker,177,99954.4002,99954.4002,BuySell,177,,,Trades - Net Profit/Loss,177,,
178,,178,2022/11/25 0:00,83.8,83.8,79.1,80.2,364860,,TestStrategy,178,738484,Broker,178,99954.4002,99954.4002,BuySell,178,,,Trades - Net Profit/Loss,178,,
179,,179,2022/11/28 0:00,75.95,80,75.25,79.4,607300,,TestStrategy,179,738487,Broker,179,99954.4002,99954.4002,BuySell,179,,,Trades - Net Profit/Loss,179,,
180,,180,2022/11/29 0:00,80,84.3,78.65,84.15,1106142,,TestStrategy,180,738488,Broker,180,99954.4002,99954.4002,BuySell,180,,,Trades - Net Profit/Loss,180,,
181,,181,2022/11/30 0:00,82.7,87.45,80.25,87.1,3216548,,TestStrategy,181,738489,Broker,181,99954.4002,99954.4002,BuySell,181,,,Trades - Net Profit/Loss,181,,
182,,182,2022/12/1 0:00,100,102.8,93.25,94.6,2359209,,TestStrategy,182,738490,Broker,182,99954.4002,99954.4002,BuySell,182,,,Trades - Net Profit/Loss,182,,
183,,183,2022/12/2 0:00,94,94.5,91.1,93.65,812839,,TestStrategy,183,738491,Broker,183,99860.3062,99953.9562,BuySell,183,89.7335,,Trades - Net Profit/Loss,183,,
184,,184,2022/12/5 0:00,101,108.8,100.2,107.6,2079228,,TestStrategy,184,738494,Broker,184,99860.3062,99967.9062,BuySell,184,,,Trades - Net Profit/Loss,184,,
185,,185,2022/12/6 0:00,101.6,105.2,99.8,103.6,915203,,TestStrategy,185,738495,Broker,185,99860.3062,99963.9062,BuySell,185,,,Trades - Net Profit/Loss,185,,
186,,186,2022/12/7 0:00,103.7,108.3,98.4,98.85,1182105,,TestStrategy,186,738496,Broker,186,99860.3062,99959.1562,BuySell,186,,,Trades - Net Profit/Loss,186,,
187,,187,2022/12/8 0:00,101.9,103.7,99.1,102.3,726461,,TestStrategy,187,738497,Broker,187,99860.3062,99962.6062,BuySell,187,,,Trades - Net Profit/Loss,187,,
188,,188,2022/12/9 0:00,104.9,107,102.7,106,898470,,TestStrategy,188,738498,Broker,188,99860.3062,99966.3062,BuySell,188,,,Trades - Net Profit/Loss,188,,
189,,189,2022/12/12 0:00,99.85,102.1,97.7,99.05,1311920,,TestStrategy,189,738501,Broker,189,99860.3062,99959.3562,BuySell,189,,,Trades - Net Profit/Loss,189,,
190,,190,2022/12/13 0:00,97.45,100.8,96.85,98.7,777130,,TestStrategy,190,738502,Broker,190,99860.3062,99959.0062,BuySell,190,,,Trades - Net Profit/Loss,190,,
191,,191,2022/12/14 0:00,97.45,98.2,94.8,96,1272270,,TestStrategy,191,738503,Broker,191,99860.3062,99956.3062,BuySell,191,,,Trades - Net Profit/Loss,191,,
192,,192,2022/12/15 0:00,95.65,95.65,91.2,92.5,1294950,,TestStrategy,192,738504,Broker,192,99860.3062,99952.8062,BuySell,192,,,Trades - Net Profit/Loss,192,,
193,,193,2022/12/16 0:00,92.5,97.7,91.65,94.45,2319990,,TestStrategy,193,738505,Broker,193,99860.3062,99954.7562,BuySell,193,,,Trades - Net Profit/Loss,193,,
194,,194,2022/12/19 0:00,93,95.9,90.1,90.85,587692,,TestStrategy,194,738508,Broker,194,99860.3062,99951.1562,BuySell,194,,,Trades - Net Profit/Loss,194,,
195,,195,2022/12/20 0:00,90.8,90.8,85,86.35,1065990,,TestStrategy,195,738509,Broker,195,99860.3062,99946.6562,BuySell,195,,,Trades - Net Profit/Loss,195,,
196,,196,2022/12/21 0:00,88,88.5,85.5,86.4,556801,,TestStrategy,196,738510,Broker,196,99948.2182,99948.2182,BuySell,196,,89.8275,Trades - Net Profit/Loss,196,,-6.182
197,,197,2022/12/22 0:00,91.2,92.35,90,90.25,735810,,TestStrategy,197,738511,Broker,197,99948.2182,99948.2182,BuySell,197,,,Trades - Net Profit/Loss,197,,
198,,198,2022/12/23 0:00,89.25,92,86.85,88.4,527677,,TestStrategy,198,738512,Broker,198,99948.2182,99948.2182,BuySell,198,,,Trades - Net Profit/Loss,198,,
199,,199,2022/12/28 0:00,83,83,78.1,78.85,2206760,,TestStrategy,199,738517,Broker,199,99948.2182,99948.2182,BuySell,199,,,Trades - Net Profit/Loss,199,,
200,,200,2022/12/29 0:00,78,79.25,77.2,78.15,642190,,TestStrategy,200,738518,Broker,200,99948.2182,99948.2182,BuySell,200,,,Trades - Net Profit/Loss,200,,
201,,201,2022/12/30 0:00,79,79.8,77.5,78.5,878785,,TestStrategy,201,738519,Broker,201,99948.2182,99948.2182,BuySell,201,,,Trades - Net Profit/Loss,201,,
202,,202,2023/1/3 0:00,78.5,83.5,75.3,80.2,2129610,,TestStrategy,202,738523,Broker,202,99948.2182,99948.2182,BuySell,202,,,Trades - Net Profit/Loss,202,,
203,,203,2023/1/4 0:00,77.65,77.7,75.4,77.55,1907840,,TestStrategy,203,738524,Broker,203,99948.2182,99948.2182,BuySell,203,,,Trades - Net Profit/Loss,203,,
204,,204,2023/1/5 0:00,84.95,85.35,81.3,81.9,1713248,,TestStrategy,204,738525,Broker,204,99948.2182,99948.2182,BuySell,204,,,Trades - Net Profit/Loss,204,,
205,,205,2023/1/6 0:00,83.5,84.4,76.7,78.6,2887224,,TestStrategy,205,738526,Broker,205,99948.2182,99948.2182,BuySell,205,,,Trades - Net Profit/Loss,205,,
206,,206,2023/1/9 0:00,81.5,84.6,78.8,81.05,2462201,,TestStrategy,206,738529,Broker,206,99948.2182,99948.2182,BuySell,206,,,Trades - Net Profit/Loss,206,,
207,,207,2023/1/10 0:00,83.5,89.1,82.8,86.05,2553479,,TestStrategy,207,738530,Broker,207,99948.2182,99948.2182,BuySell,207,,,Trades - Net Profit/Loss,207,,
208,,208,2023/1/11 0:00,87,90.7,86.2,88.65,1286084,,TestStrategy,208,738531,Broker,208,99948.2182,99948.2182,BuySell,208,,,Trades - Net Profit/Loss,208,,
209,,209,2023/1/12 0:00,91.7,92,88.55,89.2,1283571,,TestStrategy,209,738532,Broker,209,99948.2182,99948.2182,BuySell,209,,,Trades - Net Profit/Loss,209,,
210,,210,2023/1/13 0:00,91.8,93.5,89.7,91.95,932916,,TestStrategy,210,738533,Broker,210,99948.2182,99948.2182,BuySell,210,,,Trades - Net Profit/Loss,210,,
211,,211,2023/1/16 0:00,92,93,88.55,88.9,793452,,TestStrategy,211,738536,Broker,211,99856.1262,99945.0262,BuySell,211,87.22175,,Trades - Net Profit/Loss,211,,
212,,212,2023/1/17 0:00,89.05,90.05,87.15,88.2,844050,,TestStrategy,212,738537,Broker,212,99945.08715,99945.08715,BuySell,212,,91.40075,Trades - Net Profit/Loss,212,,-3.13105
213,,213,2023/1/18 0:00,88.2,89.4,86.15,87.3,1079444,,TestStrategy,213,738538,Broker,213,99945.08715,99945.08715,BuySell,213,,,Trades - Net Profit/Loss,213,,
214,,214,2023/1/19 0:00,86.55,86.7,84.1,85.1,984455,,TestStrategy,214,738539,Broker,214,99945.08715,99945.08715,BuySell,214,,,Trades - Net Profit/Loss,214,,
215,,215,2023/1/20 0:00,85.5,85.9,83.75,85,518298,,TestStrategy,215,738540,Broker,215,99945.08715,99945.08715,BuySell,215,,,Trades - Net Profit/Loss,215,,
216,,216,2023/1/26 0:00,91.6,97,90.6,96,2337041,,TestStrategy,216,738546,Broker,216,99945.08715,99945.08715,BuySell,216,,,Trades - Net Profit/Loss,216,,
217,,217,2023/1/27 0:00,95.5,95.5,93,93.5,989245,,TestStrategy,217,738547,Broker,217,99849.49165,99942.99165,BuySell,217,91.605,,Trades - Net Profit/Loss,217,,
218,,218,2023/1/30 0:00,98.45,100.5,93.8,95.05,2172486,,TestStrategy,218,738550,Broker,218,99849.49165,99944.54165,BuySell,218,,,Trades - Net Profit/Loss,218,,
219,,219,2023/1/31 0:00,94.55,94.55,90.65,91.7,1227860,,TestStrategy,219,738551,Broker,219,99849.49165,99941.19165,BuySell,219,,,Trades - Net Profit/Loss,219,,
220,,220,2023/2/1 0:00,93.6,97.65,93.2,97.5,1194613,,TestStrategy,220,738552,Broker,220,99849.49165,99946.99165,BuySell,220,,,Trades - Net Profit/Loss,220,,
221,,221,2023/2/2 0:00,96,96,91.15,92.3,2797645,,TestStrategy,221,738553,Broker,221,99849.49165,99941.79165,BuySell,221,,,Trades - Net Profit/Loss,221,,
222,,222,2023/2/3 0:00,92,92.25,89.3,91,2180865,,TestStrategy,222,738554,Broker,222,99849.49165,99940.49165,BuySell,222,,,Trades - Net Profit/Loss,222,,
223,,223,2023/2/6 0:00,87.25,87.25,83.4,86.1,2358820,,TestStrategy,223,738557,Broker,223,99849.49165,99935.59165,BuySell,223,,,Trades - Net Profit/Loss,223,,
224,,224,2023/2/7 0:00,86.1,88,85.85,86.1,489408,,TestStrategy,224,738558,Broker,224,99935.50555,99935.50555,BuySell,224,,89.32,Trades - Net Profit/Loss,224,,-9.5816
225,,225,2023/2/8 0:00,86.4,86.4,83.8,84.3,616955,,TestStrategy,225,738559,Broker,225,99935.50555,99935.50555,BuySell,225,,,Trades - Net Profit/Loss,225,,
226,,226,2023/2/9 0:00,84.3,86.55,83.95,86.1,762870,,TestStrategy,226,738560,Broker,226,99935.50555,99935.50555,BuySell,226,,,Trades - Net Profit/Loss,226,,
227,,227,2023/2/10 0:00,83.55,83.8,80.25,80.45,1158183,,TestStrategy,227,738561,Broker,227,99935.50555,99935.50555,BuySell,227,,,Trades - Net Profit/Loss,227,,
228,,228,2023/2/13 0:00,80.85,83.5,80.45,82.45,1093830,,TestStrategy,228,738564,Broker,228,99935.50555,99935.50555,BuySell,228,,,Trades - Net Profit/Loss,228,,
229,,229,2023/2/14 0:00,82.5,82.5,79.15,79.35,1294742,,TestStrategy,229,738565,Broker,229,99935.50555,99935.50555,BuySell,229,,,Trades - Net Profit/Loss,229,,
230,,230,2023/2/15 0:00,79.95,81.95,77.15,77.9,1940160,,TestStrategy,230,738566,Broker,230,99935.50555,99935.50555,BuySell,230,,,Trades - Net Profit/Loss,230,,
231,,231,2023/2/16 0:00,81.5,83.95,80.8,81.75,1845723,,TestStrategy,231,738567,Broker,231,99935.50555,99935.50555,BuySell,231,,,Trades - Net Profit/Loss,231,,
232,,232,2023/2/17 0:00,80.8,81.3,78.3,78.45,1259912,,TestStrategy,232,738568,Broker,232,99935.50555,99935.50555,BuySell,232,,,Trades - Net Profit/Loss,232,,
233,,233,2023/2/20 0:00,79,81.8,78.7,81.7,1422238,,TestStrategy,233,738571,Broker,233,99935.50555,99935.50555,BuySell,233,,,Trades - Net Profit/Loss,233,,
234,,234,2023/2/21 0:00,81.65,82.35,78.6,79.25,1338212,,TestStrategy,234,738572,Broker,234,99935.50555,99935.50555,BuySell,234,,,Trades - Net Profit/Loss,234,,
235,,235,2023/2/22 0:00,78.5,79.4,77.35,77.9,1096684,,TestStrategy,235,738573,Broker,235,99935.50555,99935.50555,BuySell,235,,,Trades - Net Profit/Loss,235,,
236,,236,2023/2/23 0:00,80.25,81.8,79.55,81,1537851,,TestStrategy,236,738574,Broker,236,99935.50555,99935.50555,BuySell,236,,,Trades - Net Profit/Loss,236,,
237,,237,2023/2/24 0:00,77.3,77.4,74.95,75.9,1980149,,TestStrategy,237,738575,Broker,237,99935.50555,99935.50555,BuySell,237,,,Trades - Net Profit/Loss,237,,
238,,238,2023/2/27 0:00,74.7,75.15,73,74.75,1256227,,TestStrategy,238,738578,Broker,238,99935.50555,99935.50555,BuySell,238,,,Trades - Net Profit/Loss,238,,
239,,239,2023/2/28 0:00,73.9,74.25,71.3,71.8,1913741,,TestStrategy,239,738579,Broker,239,99935.50555,99935.50555,BuySell,239,,,Trades - Net Profit/Loss,239,,
240,,240,2023/3/1 0:00,72,79.7,72,79.7,1967562,,TestStrategy,240,738580,Broker,240,99935.50555,99935.50555,BuySell,240,,,Trades - Net Profit/Loss,240,,
241,,241,2023/3/2 0:00,70.2,70.55,68.7,69.2,3501253,,TestStrategy,241,738581,Broker,241,99935.50555,99935.50555,BuySell,241,,,Trades - Net Profit/Loss,241,,
242,,242,2023/3/3 0:00,70.6,71.2,69,70.1,2042632,,TestStrategy,242,738582,Broker,242,99935.50555,99935.50555,BuySell,242,,,Trades - Net Profit/Loss,242,,
243,,243,2023/3/6 0:00,73.9,74.7,73,73.9,2035130,,TestStrategy,243,738585,Broker,243,99935.50555,99935.50555,BuySell,243,,,Trades - Net Profit/Loss,243,,
244,,244,2023/3/7 0:00,72.05,74.9,72.05,72.4,714010,,TestStrategy,244,738586,Broker,244,99935.50555,99935.50555,BuySell,244,,,Trades - Net Profit/Loss,244,,
245,,245,2023/3/8 0:00,70.6,70.6,69.1,69.7,785810,,TestStrategy,245,738587,Broker,245,99935.50555,99935.50555,BuySell,245,,,Trades - Net Profit/Loss,245,,
246,,246,2023/3/9 0:00,71.6,73.2,71,71.2,1049321,,TestStrategy,246,738588,Broker,246,99935.50555,99935.50555,BuySell,246,,,Trades - Net Profit/Loss,246,,
247,,247,2023/3/10 0:00,68.6,68.65,66.5,68.25,1639570,,TestStrategy,247,738589,Broker,247,99935.50555,99935.50555,BuySell,247,,,Trades - Net Profit/Loss,247,,
248,,248,2023/3/13 0:00,67.65,68.5,66.25,68.35,1530046,,TestStrategy,248,738592,Broker,248,99935.50555,99935.50555,BuySell,248,,,Trades - Net Profit/Loss,248,,
249,,249,2023/3/14 0:00,67.65,67.85,65.15,65.65,983700,,TestStrategy,249,738593,Broker,249,99935.50555,99935.50555,BuySell,249,,,Trades - Net Profit/Loss,249,,
250,,250,2023/3/15 0:00,66.5,67.35,65.65,66.55,857630,,TestStrategy,250,738594,Broker,250,99935.50555,99935.50555,BuySell,250,,,Trades - Net Profit/Loss,250,,
251,,251,2023/3/16 0:00,66.05,66.3,63.65,64.75,813931,,TestStrategy,251,738595,Broker,251,99935.50555,99935.50555,BuySell,251,,,Trades - Net Profit/Loss,251,,
252,,252,2023/3/17 0:00,65.95,68.25,65.5,67.35,812940,,TestStrategy,252,738596,Broker,252,99935.50555,99935.50555,BuySell,252,,,Trades - Net Profit/Loss,252,,
253,,253,2023/3/20 0:00,65.8,66.1,62.5,63.65,1318660,,TestStrategy,253,738599,Broker,253,99935.50555,99935.50555,BuySell,253,,,Trades - Net Profit/Loss,253,,
254,,254,2023/3/21 0:00,68.2,69.5,67.6,69.25,1129680,,TestStrategy,254,738600,Broker,254,99935.50555,99935.50555,BuySell,254,,,Trades - Net Profit/Loss,254,,
255,,255,2023/3/22 0:00,72.5,75.2,72.5,73.1,1486968,,TestStrategy,255,738601,Broker,255,99935.50555,99935.50555,BuySell,255,,,Trades - Net Profit/Loss,255,,
256,,256,2023/3/23 0:00,72,74.6,70.5,74.6,1014260,,TestStrategy,256,738602,Broker,256,99935.50555,99935.50555,BuySell,256,,,Trades - Net Profit/Loss,256,,
257,,257,2023/3/24 0:00,72.55,74,72,73.1,805190,,TestStrategy,257,738603,Broker,257,99862.883,99935.983,BuySell,257,70.92,,Trades - Net Profit/Loss,257,,
258,,258,2023/3/27 0:00,71.8,71.95,69.6,70.35,838900,,TestStrategy,258,738606,Broker,258,99934.6112,99934.6112,BuySell,258,,73.02925,Trades - Net Profit/Loss,258,,-0.89435
259,,259,2023/3/28 0:00,70.4,71.7,70.05,71,602320,,TestStrategy,259,738607,Broker,259,99934.6112,99934.6112,BuySell,259,,,Trades - Net Profit/Loss,259,,
260,,260,2023/3/29 0:00,71.9,72.9,71.55,72.3,913086,,TestStrategy,260,738608,Broker,260,99934.6112,99934.6112,BuySell,260,,,Trades - Net Profit/Loss,260,,
261,,261,2023/3/30 0:00,76.3,77.65,75.15,76.7,1516370,,TestStrategy,261,738609,Broker,261,99934.6112,99934.6112,BuySell,261,,,Trades - Net Profit/Loss,261,,
262,,262,2023/3/31 0:00,81.5,81.75,78.5,79.55,1958600,,TestStrategy,262,738610,Broker,262,99853.0297,99932.5797,BuySell,262,77.3225,,Trades - Net Profit/Loss,262,,
263,,263,2023/4/3 0:00,81.4,82.8,79.95,81.25,1441770,,TestStrategy,263,738613,Broker,263,99853.0297,99934.2797,BuySell,263,,,Trades - Net Profit/Loss,263,,
264,,264,2023/4/4 0:00,77.1,77.1,73.5,75.05,1189920,,TestStrategy,264,738614,Broker,264,99853.0297,99928.0797,BuySell,264,,,Trades - Net Profit/Loss,264,,
265,,265,2023/4/6 0:00,70.7,71.15,69.8,70.85,1045170,,TestStrategy,265,738616,Broker,265,99853.0297,99923.8797,BuySell,265,,,Trades - Net Profit/Loss,265,,
266,,266,2023/4/11 0:00,71.1,72.2,70.15,71.55,902750,,TestStrategy,266,738621,Broker,266,99924.0586,99924.0586,BuySell,266,,73.283,Trades - Net Profit/Loss,266,,-10.5526
267,,267,2023/4/12 0:00,74,75.55,73.25,73.45,1187263,,TestStrategy,267,738622,Broker,267,99924.0586,99924.0586,BuySell,267,,,Trades - Net Profit/Loss,267,,
268,,268,2023/4/13 0:00,70.55,71.8,69.8,71.75,914260,,TestStrategy,268,738623,Broker,268,99924.0586,99924.0586,BuySell,268,,,Trades - Net Profit/Loss,268,,
269,,269,2023/4/14 0:00,71.6,72.9,71.05,71.85,740820,,TestStrategy,269,738624,Broker,269,99924.0586,99924.0586,BuySell,269,,,Trades - Net Profit/Loss,269,,
270,,270,2023/4/17 0:00,72.3,77,72.3,76.45,1630130,,TestStrategy,270,738627,Broker,270,99924.0586,99924.0586,BuySell,270,,,Trades - Net Profit/Loss,270,,
271,,271,2023/4/18 0:00,77.3,78.2,75.85,76.05,681144,,TestStrategy,271,738628,Broker,271,99846.6813,99922.7313,BuySell,271,74.71225,,Trades - Net Profit/Loss,271,,
272,,272,2023/4/19 0:00,74.6,74.6,71.2,71.85,1031649,,TestStrategy,272,738629,Broker,272,99846.6813,99918.5313,BuySell,272,,,Trades - Net Profit/Loss,272,,
273,,273,2023/4/20 0:00,69.3,69.3,67.2,67.55,1354670,,TestStrategy,273,738630,Broker,273,99846.6813,99914.2313,BuySell,273,,,Trades - Net Profit/Loss,273,,
274,,274,2023/4/21 0:00,65.8,66.3,64.1,64.35,1209670,,TestStrategy,274,738631,Broker,274,99912.4155,99912.4155,BuySell,274,,67.2945,Trades - Net Profit/Loss,274,,-11.6431
275,,275,2023/4/24 0:00,65.9,66.5,64.45,65.95,788320,,TestStrategy,275,738634,Broker,275,99912.4155,99912.4155,BuySell,275,,,Trades - Net Profit/Loss,275,,
276,,276,2023/4/25 0:00,65.95,65.95,63.75,64.2,753954,,TestStrategy,276,738635,Broker,276,99912.4155,99912.4155,BuySell,276,,,Trades - Net Profit/Loss,276,,
277,,277,2023/4/26 0:00,63,64.95,62.5,63.8,817680,,TestStrategy,277,738636,Broker,277,99912.4155,99912.4155,BuySell,277,,,Trades - Net Profit/Loss,277,,
278,,278,2023/4/27 0:00,60.9,61.2,59.55,61,1496930,,TestStrategy,278,738637,Broker,278,99912.4155,99912.4155,BuySell,278,,,Trades - Net Profit/Loss,278,,
279,,279,2023/4/28 0:00,62.35,63.45,61.5,62.1,1362910,,TestStrategy,279,738638,Broker,279,99912.4155,99912.4155,BuySell,279,,,Trades - Net Profit/Loss,279,,
280,,280,2023/5/2 0:00,61.5,62.2,60,61,854680,,TestStrategy,280,738642,Broker,280,99912.4155,99912.4155,BuySell,280,,,Trades - Net Profit/Loss,280,,
281,,281,2023/5/3 0:00,58.65,59.1,57.6,59,959640,,TestStrategy,281,738643,Broker,281,99912.4155,99912.4155,BuySell,281,,,Trades - Net Profit/Loss,281,,
282,,282,2023/5/4 0:00,59.3,61.55,59.2,60.9,491213,,TestStrategy,282,738644,Broker,282,99912.4155,99912.4155,BuySell,282,,,Trades - Net Profit/Loss,282,,
283,,283,2023/5/5 0:00,63,64.2,63,63.25,734340,,TestStrategy,283,738645,Broker,283,99912.4155,99912.4155,BuySell,283,,,Trades - Net Profit/Loss,283,,
284,,284,2023/5/8 0:00,63.8,65,63.8,64.6,527587,,TestStrategy,284,738648,Broker,284,99912.4155,99912.4155,BuySell,284,,,Trades - Net Profit/Loss,284,,
285,,285,2023/5/9 0:00,65.5,65.8,63.25,63.45,511124,,TestStrategy,285,738649,Broker,285,99912.4155,99912.4155,BuySell,285,,,Trades - Net Profit/Loss,285,,
286,,286,2023/5/10 0:00,63.45,64.4,62.9,63.5,443830,,TestStrategy,286,738650,Broker,286,99912.4155,99912.4155,BuySell,286,,,Trades - Net Profit/Loss,286,,
287,,287,2023/5/11 0:00,63.55,65.25,63,64.25,1241500,,TestStrategy,287,738651,Broker,287,99912.4155,99912.4155,BuySell,287,,,Trades - Net Profit/Loss,287,,
288,,288,2023/5/12 0:00,66,66,64.6,65.1,524332,,TestStrategy,288,738652,Broker,288,99912.4155,99912.4155,BuySell,288,,,Trades - Net Profit/Loss,288,,
289,,289,2023/5/15 0:00,63,64.8,62,63.5,783380,,TestStrategy,289,738655,Broker,289,99912.4155,99912.4155,BuySell,289,,,Trades - Net Profit/Loss,289,,
290,,290,2023/5/16 0:00,63.65,64.45,63.3,63.9,333580,,TestStrategy,290,738656,Broker,290,99912.4155,99912.4155,BuySell,290,,,Trades - Net Profit/Loss,290,,
291,,291,2023/5/17 0:00,62.6,62.6,60.65,60.8,590806,,TestStrategy,291,738657,Broker,291,99912.4155,99912.4155,BuySell,291,,,Trades - Net Profit/Loss,291,,
292,,292,2023/5/18 0:00,62.55,63.65,62.25,63,781200,,TestStrategy,292,738658,Broker,292,99912.4155,99912.4155,BuySell,292,,,Trades - Net Profit/Loss,292,,
293,,293,2023/5/19 0:00,61.7,62.7,61.2,61.8,536606,,TestStrategy,293,738659,Broker,293,99912.4155,99912.4155,BuySell,293,,,Trades - Net Profit/Loss,293,,
294,,294,2023/5/22 0:00,62.55,66.4,62.55,64.9,896000,,TestStrategy,294,738662,Broker,294,99912.4155,99912.4155,BuySell,294,,,Trades - Net Profit/Loss,294,,
295,,295,2023/5/23 0:00,68.25,69.2,67.5,67.65,1260210,,TestStrategy,295,738663,Broker,295,99912.4155,99912.4155,BuySell,295,,,Trades - Net Profit/Loss,295,,
296,,296,2023/5/24 0:00,68.35,69.1,66.8,67.45,1105550,,TestStrategy,296,738664,Broker,296,99843.99715,99911.44715,BuySell,296,65.798,,Trades - Net Profit/Loss,296,,
297,,297,2023/5/25 0:00,64.3,64.3,60.35,61.15,1404039,,TestStrategy,297,738665,Broker,297,99843.99715,99905.14715,BuySell,297,,,Trades - Net Profit/Loss,297,,
298,,298,2023/5/29 0:00,61.15,61.3,58.15,59,1064090,,TestStrategy,298,738669,Broker,298,99905.086,99905.086,BuySell,298,,62.2195,Trades - Net Profit/Loss,298,,-7.3295
299,,299,2023/5/30 0:00,59.25,60.85,58.85,60.5,614470,,TestStrategy,299,738670,Broker,299,99905.086,99905.086,BuySell,299,,,Trades - Net Profit/Loss,299,,
300,,300,2023/5/31 0:00,58.15,58.9,57.6,58.8,677303,,TestStrategy,300,738671,Broker,300,99905.086,99905.086,BuySell,300,,,Trades - Net Profit/Loss,300,,
301,,301,2023/6/1 0:00,58.8,59.7,57.95,58.45,458287,,TestStrategy,301,738672,Broker,301,99905.086,99905.086,BuySell,301,,,Trades - Net Profit/Loss,301,,
302,,302,2023/6/2 0:00,59.45,61.6,58.85,60.7,902570,,TestStrategy,302,738673,Broker,302,99905.086,99905.086,BuySell,302,,,Trades - Net Profit/Loss,302,,
303,,303,2023/6/5 0:00,60.2,60.2,58.1,59.2,952139,,TestStrategy,303,738676,Broker,303,99905.086,99905.086,BuySell,303,,,Trades - Net Profit/Loss,303,,
304,,304,2023/6/6 0:00,59.85,61.5,59.25,60.15,702030,,TestStrategy,304,738677,Broker,304,99905.086,99905.086,BuySell,304,,,Trades - Net Profit/Loss,304,,
305,,305,2023/6/7 0:00,61.15,61.45,60,60.9,384572,,TestStrategy,305,738678,Broker,305,99905.086,99905.086,BuySell,305,,,Trades - Net Profit/Loss,305,,
306,,306,2023/6/8 0:00,60.9,61.45,59.85,60.5,296800,,TestStrategy,306,738679,Broker,306,99905.086,99905.086,BuySell,306,,,Trades - Net Profit/Loss,306,,
307,,307,2023/6/9 0:00,60.5,60.9,59.15,60.3,434373,,TestStrategy,307,738680,Broker,307,99905.086,99905.086,BuySell,307,,,Trades - Net Profit/Loss,307,,
308,,308,2023/6/12 0:00,63,64.5,62.1,63.15,2418600,,TestStrategy,308,738683,Broker,308,99905.086,99905.086,BuySell,308,,,Trades - Net Profit/Loss,308,,
309,,309,2023/6/13 0:00,65.8,67,65.55,66.8,1294766,,TestStrategy,309,738684,Broker,309,99839.2202,99906.0202,BuySell,309,64.56675,,Trades - Net Profit/Loss,309,,
310,,310,2023/6/14 0:00,68,71.6,68,71.2,2241806,,TestStrategy,310,738685,Broker,310,99839.2202,99910.4202,BuySell,310,,,Trades - Net Profit/Loss,310,,
311,,311,2023/6/15 0:00,70.5,71.75,69.2,71.65,1189206,,TestStrategy,311,738686,Broker,311,99839.2202,99910.8702,BuySell,311,,,Trades - Net Profit/Loss,311,,
312,,312,2023/6/16 0:00,76,77.8,75.4,77.8,3006644,,TestStrategy,312,738687,Broker,312,99839.2202,99917.0202,BuySell,312,,,Trades - Net Profit/Loss,312,,
313,,313,2023/6/19 0:00,74.95,75,71.5,73.2,1132840,,TestStrategy,313,738690,Broker,313,99839.2202,99912.4202,BuySell,313,,,Trades - Net Profit/Loss,313,,
314,,314,2023/6/20 0:00,73.2,73.2,69.8,70.55,1021338,,TestStrategy,314,738691,Broker,314,99839.2202,99909.7702,BuySell,314,,,Trades - Net Profit/Loss,314,,
315,,315,2023/6/21 0:00,72.55,74.85,72.55,73.35,1731532,,TestStrategy,315,738692,Broker,315,99839.2202,99912.5702,BuySell,315,,,Trades - Net Profit/Loss,315,,
316,,316,2023/6/23 0:00,71.75,71.75,66.8,68.5,1211610,,TestStrategy,316,738694,Broker,316,99839.2202,99907.7202,BuySell,316,,,Trades - Net Profit/Loss,316,,
317,,317,2023/6/26 0:00,67.5,69.25,66.75,67.75,923310,,TestStrategy,317,738697,Broker,317,99839.2202,99906.9702,BuySell,317,,,Trades - Net Profit/Loss,317,,
318,,318,2023/6/27 0:00,66.8,69.4,66.35,68.25,1194950,,TestStrategy,318,738698,Broker,318,99839.2202,99907.4702,BuySell,318,,,Trades - Net Profit/Loss,318,,
319,,319,2023/6/28 0:00,72.8,73.4,71.65,73.15,1428639,,TestStrategy,319,738699,Broker,319,99839.2202,99912.3702,BuySell,319,,,Trades - Net Profit/Loss,319,,
320,,320,2023/6/29 0:00,74.45,74.95,71.6,72.35,1185030,,TestStrategy,320,738700,Broker,320,99839.2202,99911.5702,BuySell,320,,,Trades - Net Profit/Loss,320,,
321,,321,2023/6/30 0:00,73.2,77.05,73.15,75.85,1903384,,TestStrategy,321,738701,Broker,321,99839.2202,99915.0702,BuySell,321,,,Trades - Net Profit/Loss,321,,
322,,322,2023/7/3 0:00,76.15,83,76.15,82,2965010,,TestStrategy,322,738704,Broker,322,99839.2202,99921.2202,BuySell,322,,,Trades - Net Profit/Loss,322,,
323,,323,2023/7/4 0:00,80,80,75.2,77.95,1813601,,TestStrategy,323,738705,Broker,323,99839.2202,99917.1702,BuySell,323,,,Trades - Net Profit/Loss,323,,
324,,324,2023/7/5 0:00,78.05,80.4,77.9,78.7,918440,,TestStrategy,324,738706,Broker,324,99839.2202,99917.9202,BuySell,324,,,Trades - Net Profit/Loss,324,,
325,,325,2023/7/6 0:00,80,80.85,76.8,78.2,1271870,,TestStrategy,325,738707,Broker,325,99839.2202,99917.4202,BuySell,325,,,Trades - Net Profit/Loss,325,,
326,,326,2023/7/7 0:00,75.9,76.05,74,75,1068390,,TestStrategy,326,738708,Broker,326,99839.2202,99914.2202,BuySell,326,,,Trades - Net Profit/Loss,326,,
327,,327,2023/7/10 0:00,78.25,79,75.4,76.7,874814,,TestStrategy,327,738711,Broker,327,99839.2202,99915.9202,BuySell,327,,,Trades - Net Profit/Loss,327,,
328,,328,2023/7/11 0:00,83.6,86.05,82.5,85.75,2700670,,TestStrategy,328,738712,Broker,328,99839.2202,99924.9702,BuySell,328,,,Trades - Net Profit/Loss,328,,
329,,329,2023/7/12 0:00,85.6,87.35,84.25,84.95,961140,,TestStrategy,329,738713,Broker,329,99839.2202,99924.1702,BuySell,329,,,Trades - Net Profit/Loss,329,,
330,,330,2023/7/13 0:00,87,88,84.05,85.45,977580,,TestStrategy,330,738714,Broker,330,99839.2202,99924.6702,BuySell,330,,,Trades - Net Profit/Loss,330,,
331,,331,2023/7/14 0:00,85,85,81.4,82.45,827980,,TestStrategy,331,738715,Broker,331,99839.2202,99921.6702,BuySell,331,,,Trades - Net Profit/Loss,331,,
332,,332,2023/7/18 0:00,83.05,84,81,82.55,1168460,,TestStrategy,332,738719,Broker,332,99839.2202,99921.7702,BuySell,332,,,Trades - Net Profit/Loss,332,,
333,,333,2023/7/19 0:00,82.5,82.8,79.5,82.15,480570,,TestStrategy,333,738720,Broker,333,99839.2202,99921.3702,BuySell,333,,,Trades - Net Profit/Loss,333,,
334,,334,2023/7/20 0:00,82.55,84.45,81.25,81.95,731606,,TestStrategy,334,738721,Broker,334,99839.2202,99921.1702,BuySell,334,,,Trades - Net Profit/Loss,334,,
335,,335,2023/7/21 0:00,80.8,82.55,79.55,81.55,365773,,TestStrategy,335,738722,Broker,335,99839.2202,99920.7702,BuySell,335,,,Trades - Net Profit/Loss,335,,
336,,336,2023/7/24 0:00,82.05,85.35,81.85,83.25,909980,,TestStrategy,336,738725,Broker,336,99839.2202,99922.4702,BuySell,336,,,Trades - Net Profit/Loss,336,,
337,,337,2023/7/25 0:00,90.1,92.3,90.05,91.8,1957670,,TestStrategy,337,738726,Broker,337,99839.2202,99931.0202,BuySell,337,,,Trades - Net Profit/Loss,337,,
338,,338,2023/7/26 0:00,92.9,92.9,90.45,92.45,1216780,,TestStrategy,338,738727,Broker,338,99839.2202,99931.6702,BuySell,338,,,Trades - Net Profit/Loss,338,,
339,,339,2023/7/27 0:00,102.2,104.8,101.1,104.8,3679084,,TestStrategy,339,738728,Broker,339,99839.2202,99944.0202,BuySell,339,,,Trades - Net Profit/Loss,339,,
340,,340,2023/7/28 0:00,104,110.9,103.1,109.4,2320191,,TestStrategy,340,738729,Broker,340,99839.2202,99948.6202,BuySell,340,,,Trades - Net Profit/Loss,340,,
341,,341,2023/7/31 0:00,119.8,123.8,114.5,116.2,3538108,,TestStrategy,341,738732,Broker,341,99839.2202,99955.4202,BuySell,341,,,Trades - Net Profit/Loss,341,,
342,,342,2023/8/1 0:00,118.9,122,115.4,117.1,1922027,,TestStrategy,342,738733,Broker,342,99839.2202,99956.3202,BuySell,342,,,Trades - Net Profit/Loss,342,,
343,,343,2023/8/2 0:00,113.3,113.3,106.9,107.5,2625339,,TestStrategy,343,738734,Broker,343,99839.2202,99946.7202,BuySell,343,,,Trades - Net Profit/Loss,343,,
344,,344,2023/8/3 0:00,113.2,118.6,113.2,115.8,2049564,,TestStrategy,344,738735,Broker,344,99839.2202,99955.0202,BuySell,344,,,Trades - Net Profit/Loss,344,,
345,,345,2023/8/4 0:00,120.3,123,118,122.6,1447450,,TestStrategy,345,738736,Broker,345,99839.2202,99961.8202,BuySell,345,,,Trades - Net Profit/Loss,345,,
346,,346,2023/8/7 0:00,116.5,121.3,115.3,119.3,1590091,,TestStrategy,346,738739,Broker,346,99839.2202,99958.5202,BuySell,346,,,Trades - Net Profit/Loss,346,,
347,,347,2023/8/8 0:00,118,118,113.1,113.2,1156660,,TestStrategy,347,738740,Broker,347,99839.2202,99952.4202,BuySell,347,,,Trades - Net Profit/Loss,347,,
348,,348,2023/8/9 0:00,109.9,111.1,108.6,110.3,1101582,,TestStrategy,348,738741,Broker,348,99839.2202,99949.5202,BuySell,348,,,Trades - Net Profit/Loss,348,,
349,,349,2023/8/10 0:00,103.8,106.6,102,106.2,1593280,,TestStrategy,349,738742,Broker,349,99839.2202,99945.4202,BuySell,349,,,Trades - Net Profit/Loss,349,,
350,,350,2023/8/11 0:00,106,106,101.7,103.2,1137949,,TestStrategy,350,738743,Broker,350,99839.2202,99942.4202,BuySell,350,,,Trades - Net Profit/Loss,350,,
351,,351,2023/8/14 0:00,101.8,101.8,96.6,99.9,1255492,,TestStrategy,351,738746,Broker,351,99839.2202,99939.1202,BuySell,351,,,Trades - Net Profit/Loss,351,,
352,,352,2023/8/15 0:00,100.8,102,97,97.35,1148290,,TestStrategy,352,738747,Broker,352,99839.2202,99936.5702,BuySell,352,,,Trades - Net Profit/Loss,352,,
353,,353,2023/8/16 0:00,92.5,93.35,91.5,92,1326800,,TestStrategy,353,738748,Broker,353,99839.2202,99931.2202,BuySell,353,,,Trades - Net Profit/Loss,353,,
354,,354,2023/8/17 0:00,88,95.05,88,93,2073480,,TestStrategy,354,738749,Broker,354,99927.1322,99927.1322,BuySell,354,,96.47575,Trades - Net Profit/Loss,354,22.0462,
355,,355,2023/8/18 0:00,92,92,87.55,87.85,1053588,,TestStrategy,355,738750,Broker,355,99927.1322,99927.1322,BuySell,355,,,Trades - Net Profit/Loss,355,,
356,,356,2023/8/21 0:00,85.85,87.5,83.6,84.9,1868385,,TestStrategy,356,738753,Broker,356,99927.1322,99927.1322,BuySell,356,,,Trades - Net Profit/Loss,356,,
357,,357,2023/8/22 0:00,85.5,88.95,85.5,86.95,990540,,TestStrategy,357,738754,Broker,357,99927.1322,99927.1322,BuySell,357,,,Trades - Net Profit/Loss,357,,
358,,358,2023/8/23 0:00,85.8,87.05,84.3,85.6,761510,,TestStrategy,358,738755,Broker,358,99927.1322,99927.1322,BuySell,358,,,Trades - Net Profit/Loss,358,,
359,,359,2023/8/24 0:00,85.6,88.1,84.8,87.1,892960,,TestStrategy,359,738756,Broker,359,99927.1322,99927.1322,BuySell,359,,,Trades - Net Profit/Loss,359,,
360,,360,2023/8/25 0:00,83.75,84.5,83.25,83.5,778040,,TestStrategy,360,738757,Broker,360,99927.1322,99927.1322,BuySell,360,,,Trades - Net Profit/Loss,360,,
361,,361,2023/8/28 0:00,89.05,89.6,86.5,86.5,1176584,,TestStrategy,361,738760,Broker,361,99927.1322,99927.1322,BuySell,361,,,Trades - Net Profit/Loss,361,,
362,,362,2023/8/29 0:00,87,89.6,86.65,88.55,1068540,,TestStrategy,362,738761,Broker,362,99927.1322,99927.1322,BuySell,362,,,Trades - Net Profit/Loss,362,,
363,,363,2023/8/30 0:00,85.9,85.9,80.75,82,3383560,,TestStrategy,363,738762,Broker,363,99927.1322,99927.1322,BuySell,363,,,Trades - Net Profit/Loss,363,,
364,,364,2023/8/31 0:00,82.1,84.4,82,83.75,1219740,,TestStrategy,364,738763,Broker,364,99927.1322,99927.1322,BuySell,364,,,Trades - Net Profit/Loss,364,,
365,,365,2023/9/4 0:00,86.3,87.3,85.2,86.3,1080730,,TestStrategy,365,738767,Broker,365,99927.1322,99927.1322,BuySell,365,,,Trades - Net Profit/Loss,365,,
366,,366,2023/9/5 0:00,86.55,86.6,84.35,85.4,707898,,TestStrategy,366,738768,Broker,366,99927.1322,99927.1322,BuySell,366,,,Trades - Net Profit/Loss,366,,
367,,367,2023/9/6 0:00,85.2,85.2,83.4,84.15,497162,,TestStrategy,367,738769,Broker,367,99927.1322,99927.1322,BuySell,367,,,Trades - Net Profit/Loss,367,,
368,,368,2023/9/7 0:00,82.5,82.95,81.55,81.95,511990,,TestStrategy,368,738770,Broker,368,99927.1322,99927.1322,BuySell,368,,,Trades - Net Profit/Loss,368,,
369,,369,2023/9/11 0:00,79.7,81.75,78.3,80.85,953370,,TestStrategy,369,738774,Broker,369,99927.1322,99927.1322,BuySell,369,,,Trades - Net Profit/Loss,369,,
370,,370,2023/9/12 0:00,81.25,83.05,80.4,81.15,926150,,TestStrategy,370,738775,Broker,370,99927.1322,99927.1322,BuySell,370,,,Trades - Net Profit/Loss,370,,
371,,371,2023/9/13 0:00,82.4,82.8,80.15,80.45,936470,,TestStrategy,371,738776,Broker,371,99927.1322,99927.1322,BuySell,371,,,Trades - Net Profit/Loss,371,,
372,,372,2023/9/14 0:00,79.65,83,78.25,79.7,972218,,TestStrategy,372,738777,Broker,372,99927.1322,99927.1322,BuySell,372,,,Trades - Net Profit/Loss,372,,
373,,373,2023/9/15 0:00,81.3,85.25,80.15,84,7869550,,TestStrategy,373,738778,Broker,373,99927.1322,99927.1322,BuySell,373,,,Trades - Net Profit/Loss,373,,
374,,374,2023/9/18 0:00,83,83.3,81.25,82.05,1062073,,TestStrategy,374,738781,Broker,374,99927.1322,99927.1322,BuySell,374,,,Trades - Net Profit/Loss,374,,
375,,375,2023/9/19 0:00,78,79.35,76.9,78.4,2751410,,TestStrategy,375,738782,Broker,375,99927.1322,99927.1322,BuySell,375,,,Trades - Net Profit/Loss,375,,
376,,376,2023/9/20 0:00,67.75,69.45,67.75,69.1,4873794,,TestStrategy,376,738783,Broker,376,99927.1322,99927.1322,BuySell,376,,,Trades - Net Profit/Loss,376,,
377,,377,2023/9/21 0:00,70,70.8,68.9,69.8,1564540,,TestStrategy,377,738784,Broker,377,99927.1322,99927.1322,BuySell,377,,,Trades - Net Profit/Loss,377,,
378,,378,2023/9/22 0:00,66.9,68.6,66.35,68.45,1862891,,TestStrategy,378,738785,Broker,378,99927.1322,99927.1322,BuySell,378,,,Trades - Net Profit/Loss,378,,
379,,379,2023/9/25 0:00,68,68,65,65.3,1433173,,TestStrategy,379,738788,Broker,379,99927.1322,99927.1322,BuySell,379,,,Trades - Net Profit/Loss,379,,
380,,380,2023/9/26 0:00,65.35,65.95,63.2,63.7,1691583,,TestStrategy,380,738789,Broker,380,99927.1322,99927.1322,BuySell,380,,,Trades - Net Profit/Loss,380,,
381,,381,2023/9/27 0:00,65.5,67.35,65.4,65.55,1351568,,TestStrategy,381,738790,Broker,381,99927.1322,99927.1322,BuySell,381,,,Trades - Net Profit/Loss,381,,
382,,382,2023/9/28 0:00,65.75,66.75,64.75,65.45,592069,,TestStrategy,382,738791,Broker,382,99927.1322,99927.1322,BuySell,382,,,Trades - Net Profit/Loss,382,,
383,,383,2023/9/29 0:00,69.6,72.5,69.35,71.45,2025803,,TestStrategy,383,738792,Broker,383,99927.1322,99927.1322,BuySell,383,,,Trades - Net Profit/Loss,383,,
384,,384,2023/10/3 0:00,68.95,69.2,66.5,67.45,1196092,,TestStrategy,384,738796,Broker,384,99927.1322,99927.1322,BuySell,384,,,Trades - Net Profit/Loss,384,,
385,,385,2023/10/4 0:00,67.4,67.4,65.25,66.3,631618,,TestStrategy,385,738797,Broker,385,99927.1322,99927.1322,BuySell,385,,,Trades - Net Profit/Loss,385,,
386,,386,2023/10/5 0:00,68.6,69.45,67.7,68.15,1012200,,TestStrategy,386,738798,Broker,386,99927.1322,99927.1322,BuySell,386,,,Trades - Net Profit/Loss,386,,
387,,387,2023/10/6 0:00,68.15,68.9,67.05,67.65,438170,,TestStrategy,387,738799,Broker,387,99927.1322,99927.1322,BuySell,387,,,Trades - Net Profit/Loss,387,,
388,,388,2023/10/9 0:00,67,67.8,66.2,66.8,432469,,TestStrategy,388,738802,Broker,388,99927.1322,99927.1322,BuySell,388,,,Trades - Net Profit/Loss,388,,
389,,389,2023/10/10 0:00,66.6,66.75,65.05,65.25,1057821,,TestStrategy,389,738803,Broker,389,99927.1322,99927.1322,BuySell,389,,,Trades - Net Profit/Loss,389,,
390,,390,2023/10/11 0:00,68.85,70.1,68.5,68.9,1349806,,TestStrategy,390,738804,Broker,390,99927.1322,99927.1322,BuySell,390,,,Trades - Net Profit/Loss,390,,
391,,391,2023/10/12 0:00,70.3,70.8,69.6,69.65,723870,,TestStrategy,391,738805,Broker,391,99927.1322,99927.1322,BuySell,391,,,Trades - Net Profit/Loss,391,,
392,,392,2023/10/13 0:00,67.2,67.3,65.8,65.95,776070,,TestStrategy,392,738806,Broker,392,99927.1322,99927.1322,BuySell,392,,,Trades - Net Profit/Loss,392,,
393,,393,2023/10/16 0:00,67,67.35,64.7,65.35,562295,,TestStrategy,393,738809,Broker,393,99927.1322,99927.1322,BuySell,393,,,Trades - Net Profit/Loss,393,,
394,,394,2023/10/17 0:00,66.7,66.7,65.6,66.15,444050,,TestStrategy,394,738810,Broker,394,99927.1322,99927.1322,BuySell,394,,,Trades - Net Profit/Loss,394,,
395,,395,2023/10/18 0:00,66.15,67.65,65.8,66.95,1220742,,TestStrategy,395,738811,Broker,395,99927.1322,99927.1322,BuySell,395,,,Trades - Net Profit/Loss,395,,
396,,396,2023/10/19 0:00,61.3,62.1,60.45,61.6,1941870,,TestStrategy,396,738812,Broker,396,99927.1322,99927.1322,BuySell,396,,,Trades - Net Profit/Loss,396,,
397,,397,2023/10/20 0:00,61.55,61.55,58.8,59.3,1516859,,TestStrategy,397,738813,Broker,397,99927.1322,99927.1322,BuySell,397,,,Trades - Net Profit/Loss,397,,
398,,398,2023/10/24 0:00,59.4,60.4,57.75,58.55,1289300,,TestStrategy,398,738817,Broker,398,99927.1322,99927.1322,BuySell,398,,,Trades - Net Profit/Loss,398,,
399,,399,2023/10/25 0:00,62.9,63.2,60.65,61.45,1573950,,TestStrategy,399,738818,Broker,399,99927.1322,99927.1322,BuySell,399,,,Trades - Net Profit/Loss,399,,
400,,400,2023/10/26 0:00,60.2,60.8,58.8,59.65,723347,,TestStrategy,400,738819,Broker,400,99927.1322,99927.1322,BuySell,400,,,Trades - Net Profit/Loss,400,,
401,,401,2023/10/27 0:00,60.55,61.5,59.95,61.1,733780,,TestStrategy,401,738820,Broker,401,99927.1322,99927.1322,BuySell,401,,,Trades - Net Profit/Loss,401,,
402,,402,2023/10/30 0:00,59.8,60,58.55,59.9,966870,,TestStrategy,402,738823,Broker,402,99927.1322,99927.1322,BuySell,402,,,Trades - Net Profit/Loss,402,,
403,,403,2023/10/31 0:00,59,59,56.5,57.9,1467181,,TestStrategy,403,738824,Broker,403,99927.1322,99927.1322,BuySell,403,,,Trades - Net Profit/Loss,403,,
404,,404,2023/11/1 0:00,58.1,58.1,56.25,56.8,646640,,TestStrategy,404,738825,Broker,404,99927.1322,99927.1322,BuySell,404,,,Trades - Net Profit/Loss,404,,
405,,405,2023/11/2 0:00,58.2,59.5,57.85,58.1,829250,,TestStrategy,405,738826,Broker,405,99927.1322,99927.1322,BuySell,405,,,Trades - Net Profit/Loss,405,,
406,,406,2023/11/3 0:00,60.9,62.35,60.35,61.4,1442253,,TestStrategy,406,738827,Broker,406,99927.1322,99927.1322,BuySell,406,,,Trades - Net Profit/Loss,406,,
407,,407,2023/11/6 0:00,64,66.6,64,65.8,1730760,,TestStrategy,407,738830,Broker,407,99927.1322,99927.1322,BuySell,407,,,Trades - Net Profit/Loss,407,,
408,,408,2023/11/7 0:00,62.8,63.55,62.2,62.5,1064027,,TestStrategy,408,738831,Broker,408,99864.2694,99926.7694,BuySell,408,61.267,,Trades - Net Profit/Loss,408,,
409,,409,2023/11/8 0:00,62.5,62.7,60.8,61,790220,,TestStrategy,409,738832,Broker,409,99926.7069,99926.7069,BuySell,409,,63.6405,Trades - Net Profit/Loss,409,,-0.4253
410,,410,2023/11/9 0:00,61,62.95,61,61.65,434493,,TestStrategy,410,738833,Broker,410,99926.7069,99926.7069,BuySell,410,,,Trades - Net Profit/Loss,410,,
411,,411,2023/11/10 0:00,58.95,59.15,57.05,58.35,1788230,,TestStrategy,411,738834,Broker,411,99926.7069,99926.7069,BuySell,411,,,Trades - Net Profit/Loss,411,,
412,,412,2023/11/13 0:00,58.35,58.65,56.7,57.85,835320,,TestStrategy,412,738837,Broker,412,99926.7069,99926.7069,BuySell,412,,,Trades - Net Profit/Loss,412,,
413,,413,2023/11/14 0:00,57.5,57.5,56.2,56.55,1352270,,TestStrategy,413,738838,Broker,413,99926.7069,99926.7069,BuySell,413,,,Trades - Net Profit/Loss,413,,
414,,414,2023/11/15 0:00,59.1,60.35,58.5,60,1442080,,TestStrategy,414,738839,Broker,414,99926.7069,99926.7069,BuySell,414,,,Trades - Net Profit/Loss,414,,
415,,415,2023/11/16 0:00,61.9,62,59.3,59.95,777850,,TestStrategy,415,738840,Broker,415,99926.7069,99926.7069,BuySell,415,,,Trades - Net Profit/Loss,415,,
416,,416,2023/11/17 0:00,58.3,58.3,56.4,58.1,1033694,,TestStrategy,416,738841,Broker,416,99926.7069,99926.7069,BuySell,416,,,Trades - Net Profit/Loss,416,,
417,,417,2023/11/20 0:00,58.1,59.75,57.85,59.6,2197030,,TestStrategy,417,738844,Broker,417,99926.7069,99926.7069,BuySell,417,,,Trades - Net Profit/Loss,417,,
418,,418,2023/11/21 0:00,61.45,62.5,59.45,59.65,1903750,,TestStrategy,418,738845,Broker,418,99926.7069,99926.7069,BuySell,418,,,Trades - Net Profit/Loss,418,,
419,,419,2023/11/22 0:00,59.45,59.9,58.55,59,1394064,,TestStrategy,419,738846,Broker,419,99926.7069,99926.7069,BuySell,419,,,Trades - Net Profit/Loss,419,,
420,,420,2023/11/23 0:00,59,61,58.95,61,1287745,,TestStrategy,420,738847,Broker,420,99926.7069,99926.7069,BuySell,420,,,Trades - Net Profit/Loss,420,,
421,,421,2023/11/24 0:00,60.6,60.6,58.2,58.2,1529260,,TestStrategy,421,738848,Broker,421,99926.7069,99926.7069,BuySell,421,,,Trades - Net Profit/Loss,421,,
422,,422,2023/11/27 0:00,58.2,58.55,56.5,57.6,1075990,,TestStrategy,422,738851,Broker,422,99926.7069,99926.7069,BuySell,422,,,Trades - Net Profit/Loss,422,,
423,,423,2023/11/28 0:00,57.25,57.4,56.45,56.9,985315,,TestStrategy,423,738852,Broker,423,99926.7069,99926.7069,BuySell,423,,,Trades - Net Profit/Loss,423,,
424,,424,2023/11/29 0:00,57.2,57.55,55.25,55.95,1547517,,TestStrategy,424,738853,Broker,424,99926.7069,99926.7069,BuySell,424,,,Trades - Net Profit/Loss,424,,
425,,425,2023/11/30 0:00,56.6,57.45,55.8,57.05,1518649,,TestStrategy,425,738854,Broker,425,99926.7069,99926.7069,BuySell,425,,,Trades - Net Profit/Loss,425,,
426,,426,2023/12/1 0:00,57.05,57.15,55.8,56.45,2758040,,TestStrategy,426,738855,Broker,426,99926.7069,99926.7069,BuySell,426,,,Trades - Net Profit/Loss,426,,
427,,427,2023/12/4 0:00,56.7,56.85,54.6,55.35,1740089,,TestStrategy,427,738858,Broker,427,99926.7069,99926.7069,BuySell,427,,,Trades - Net Profit/Loss,427,,
428,,428,2023/12/5 0:00,57.1,58.25,55.8,56.45,1669070,,TestStrategy,428,738859,Broker,428,99926.7069,99926.7069,BuySell,428,,,Trades - Net Profit/Loss,428,,
429,,429,2023/12/6 0:00,58.2,59.7,57.3,59.2,2181504,,TestStrategy,429,738860,Broker,429,99926.7069,99926.7069,BuySell,429,,,Trades - Net Profit/Loss,429,,
430,,430,2023/12/7 0:00,60.75,61.3,59.3,60.45,1902964,,TestStrategy,430,738861,Broker,430,99926.7069,99926.7069,BuySell,430,,,Trades - Net Profit/Loss,430,,
431,,431,2023/12/8 0:00,59.8,59.8,57.15,57.8,2019719,,TestStrategy,431,738862,Broker,431,99866.8471,99924.6471,BuySell,431,56.29275,,Trades - Net Profit/Loss,431,,
432,,432,2023/12/11 0:00,57.8,59,57.05,58.6,1098520,,TestStrategy,432,738865,Broker,432,99924.5893,99924.5893,BuySell,432,,59.885,Trades - Net Profit/Loss,432,,-2.1176
433,,433,2023/12/12 0:00,59.5,60.85,59.25,59.7,1433932,,TestStrategy,433,738866,Broker,433,99924.5893,99924.5893,BuySell,433,,,Trades - Net Profit/Loss,433,,
434,,434,2023/12/13 0:00,58.5,58.5,55.85,56.5,1776690,,TestStrategy,434,738867,Broker,434,99866.0308,99922.5308,BuySell,434,55.01225,,Trades - Net Profit/Loss,434,,
435,,435,2023/12/14 0:00,58.1,59.1,57.45,57.9,1284190,,TestStrategy,435,738868,Broker,435,99924.0727,99924.0727,BuySell,435,,59.9865,Trades - Net Profit/Loss,435,,-0.5166
436,,436,2023/12/15 0:00,60.95,62.25,60.35,61.95,5462240,,TestStrategy,436,738869,Broker,436,99924.0727,99924.0727,BuySell,436,,,Trades - Net Profit/Loss,436,,
437,,437,2023/12/18 0:00,62.35,62.75,61.4,61.45,1120710,,TestStrategy,437,738872,Broker,437,99861.66035,99923.11035,BuySell,437,60.479,,Trades - Net Profit/Loss,437,,
438,,438,2023/12/19 0:00,64.35,65.4,63.85,64.95,2155790,,TestStrategy,438,738873,Broker,438,99861.66035,99926.61035,BuySell,438,,,Trades - Net Profit/Loss,438,,
439,,439,2023/12/20 0:00,69,69.45,67.7,68.4,1587049,,TestStrategy,439,738874,Broker,439,99861.66035,99930.06035,BuySell,439,,,Trades - Net Profit/Loss,439,,
440,,440,2023/12/21 0:00,62.65,63.3,61.95,62.5,1769590,,TestStrategy,440,738875,Broker,440,99861.66035,99924.16035,BuySell,440,,,Trades - Net Profit/Loss,440,,
441,,441,2023/12/22 0:00,64.05,64.7,62.5,63.15,1288020,,TestStrategy,441,738876,Broker,441,99861.66035,99924.81035,BuySell,441,,,Trades - Net Profit/Loss,441,,
===============================================================================,,,,,,,,,,,,,,,,,,,,,,,,
Cerebro:,,,,,,,,,,,,,,,,,,,,,,,,
  -----------------------------------------------------------------------------,,,,,,,,,,,,,,,,,,,,,,,,
  - Datas:,,,,,,,,,,,,,,,,,,,,,,,,
    +++++++++++++++++++++++++++++++++++++++++++++++++++++++++++++++++++++++++++,,,,,,,,,,,,,,,,,,,,,,,,
    - Data0:,,,,,,,,,,,,,,,,,,,,,,,,
      - Name: ,,,,,,,,,,,,,,,,,,,,,,,,
      - Timeframe: Days,,,,,,,,,,,,,,,,,,,,,,,,
      - Compression: 1,,,,,,,,,,,,,,,,,,,,,,,,
  -----------------------------------------------------------------------------,,,,,,,,,,,,,,,,,,,,,,,,
  - Strategies:,,,,,,,,,,,,,,,,,,,,,,,,
    +++++++++++++++++++++++++++++++++++++++++++++++++++++++++++++++++++++++++++,,,,,,,,,,,,,,,,,,,,,,,,
    - TestStrategy:,,,,,,,,,,,,,,,,,,,,,,,,
      *************************************************************************,,,,,,,,,,,,,,,,,,,,,,,,
      - Params:,,,,,,,,,,,,,,,,,,,,,,,,
        - maperiod: 5,,,,,,,,,,,,,,,,,,,,,,,,
      *************************************************************************,,,,,,,,,,,,,,,,,,,,,,,,
      - Indicators:,,,,,,,,,,,,,,,,,,,,,,,,
        .......................................................................,,,,,,,,,,,,,,,,,,,,,,,,
        - MovingAverageSimple:,,,,,,,,,,,,,,,,,,,,,,,,
          - Lines: sma,,,,,,,,,,,,,,,,,,,,,,,,
          ~~~~~~~~~~~~~~~~~~~~~~~~~~~~~~~~~~~~~~~~~~~~~~~~~~~~~~~~~~~~~~~~~~~~~,,,,,,,,,,,,,,,,,,,,,,,,
          - Params:,,,,,,,,,,,,,,,,,,,,,,,,
            - period: 30,,,,,,,,,,,,,,,,,,,,,,,,
        .......................................................................,,,,,,,,,,,,,,,,,,,,,,,,
        - ExponentialMovingAverage:,,,,,,,,,,,,,,,,,,,,,,,,
          - Lines: ema,,,,,,,,,,,,,,,,,,,,,,,,
          ~~~~~~~~~~~~~~~~~~~~~~~~~~~~~~~~~~~~~~~~~~~~~~~~~~~~~~~~~~~~~~~~~~~~~,,,,,,,,,,,,,,,,,,,,,,,,
          - Params:,,,,,,,,,,,,,,,,,,,,,,,,
            - period: 30,,,,,,,,,,,,,,,,,,,,,,,,
        .......................................................................,,,,,,,,,,,,,,,,,,,,,,,,
        - LinePlotterIndicator:,,,,,,,,,,,,,,,,,,,,,,,,
          - Lines: Close_over_Sma,,,,,,,,,,,,,,,,,,,,,,,,
          - Params: None,,,,,,,,,,,,,,,,,,,,,,,,
      *************************************************************************,,,,,,,,,,,,,,,,,,,,,,,,
      - Observers:,,,,,,,,,,,,,,,,,,,,,,,,
        .......................................................................,,,,,,,,,,,,,,,,,,,,,,,,
        - Broker:,,,,,,,,,,,,,,,,,,,,,,,,
          - Lines: cash, value,,,,,,,,,,,,,,,,,,,,,,,
          ~~~~~~~~~~~~~~~~~~~~~~~~~~~~~~~~~~~~~~~~~~~~~~~~~~~~~~~~~~~~~~~~~~~~~,,,,,,,,,,,,,,,,,,,,,,,,
          - Params:,,,,,,,,,,,,,,,,,,,,,,,,
            - fund: None,,,,,,,,,,,,,,,,,,,,,,,,
        .......................................................................,,,,,,,,,,,,,,,,,,,,,,,,
        - BuySell:,,,,,,,,,,,,,,,,,,,,,,,,
          - Lines: buy, sell,,,,,,,,,,,,,,,,,,,,,,,
          ~~~~~~~~~~~~~~~~~~~~~~~~~~~~~~~~~~~~~~~~~~~~~~~~~~~~~~~~~~~~~~~~~~~~~,,,,,,,,,,,,,,,,,,,,,,,,
          - Params:,,,,,,,,,,,,,,,,,,,,,,,,
            - barplot: True,,,,,,,,,,,,,,,,,,,,,,,,
            - bardist: 0.015,,,,,,,,,,,,,,,,,,,,,,,,
        .......................................................................,,,,,,,,,,,,,,,,,,,,,,,,
        - Trades:,,,,,,,,,,,,,,,,,,,,,,,,
          - Lines: pnlplus, pnlminus,,,,,,,,,,,,,,,,,,,,,,,
          ~~~~~~~~~~~~~~~~~~~~~~~~~~~~~~~~~~~~~~~~~~~~~~~~~~~~~~~~~~~~~~~~~~~~~,,,,,,,,,,,,,,,,,,,,,,,,
          - Params:,,,,,,,,,,,,,,,,,,,,,,,,
            - pnlcomm: True,,,,,,,,,,,,,,,,,,,,,,,,
      *************************************************************************,,,,,,,,,,,,,,,,,,,,,,,,
      - Analyzers:,,,,,,,,,,,,,,,,,,,,,,,,
        .......................................................................,,,,,,,,,,,,,,,,,,,,,,,,
        - Value:,,,,,,,,,,,,,,,,,,,,,,,,
          - Begin: 100000.0,,,,,,,,,,,,,,,,,,,,,,,,
          - End: 99924.81035,,,,,,,,,,,,,,,,,,,,,,,,
